Order ID,Order Date,Sales,Quantity,Discount,Profit,Ship ID,Ship Date,Ship Mode,Customer ID,Customer Name,Segment,Country/Region,City,State,Postal Code,Region,Product ID,Category,Sub-Category,Product Name
CA-2020-152156,44143,261.96,2,0,41.9136,1,44146,Second Class,CG-12520,Claire Gute,Consumer,United States,Henderson,Kentucky,42420,South,FUR-BO-10001798,Furniture,Bookcases,Bush Somerset Collection Bookcase
CA-2020-138688,43994,731.94,3,0,219.582,2,43998,Second Class,DV-13045,Claire Gute,Consumer,United States,Henderson,Kentucky,42420,South,FUR-CH-10000454,Furniture,Chairs,"Hon Deluxe Fabric Upholstered Stacking Chairs, Rounded Back"
US-2019-108966,43749,14.62,2,0,6.8714,3,43756,Second Class,SO-20335,Darrin Van Huff,Corporate,United States,Los Angeles,California,90036,West,OFF-LA-10000240,Office Supplies,Labels,Self-Adhesive Address Labels for Typewriters by Universal
CA-2018-115812,43260,957.5775,5,0.45,-383.031,4,43265,Standard Class,BH-11710,Sean O'Donnell,Consumer,United States,Fort Lauderdale,Florida,33311,South,FUR-TA-10000577,Furniture,Tables,Bretford CR4500 Series Slim Rectangular Table
CA-2021-114412,44301,22.368,2,0.2,2.5164,5,44306,Standard Class,AA-10480,Sean O'Donnell,Consumer,United States,Fort Lauderdale,Florida,33311,South,OFF-ST-10000760,Office Supplies,Storage,Eldon Fold 'N Roll Cart System
CA-2020-161389,44170,48.86,7,0,14.1694,6,44175,Standard Class,IM-15070,Brosina Hoffman,Consumer,United States,Los Angeles,California,90032,West,FUR-FU-10001487,Furniture,Furnishings,"Eldon Expressions Wood and Plastic Desk Accessories, Cherry Wood"
US-2019-118983,43791,7.28,4,0,1.9656,7,43795,Standard Class,HP-14815,Brosina Hoffman,Consumer,United States,Los Angeles,California,90032,West,OFF-AR-10002833,Office Supplies,Art,Newell 322
CA-2018-105893,43415,907.152,6,0.2,90.7152,8,43422,Standard Class,PK-19075,Brosina Hoffman,Consumer,United States,Los Angeles,California,90032,West,TEC-PH-10002275,Technology,Phones,Mitel 5320 IP Phone VoIP phone
CA-2018-167164,43233,18.504,3,0.2,5.7825,9,43235,Standard Class,AG-10270,Brosina Hoffman,Consumer,United States,Los Angeles,California,90032,West,OFF-BI-10003910,Office Supplies,Binders,DXL Angle-View Binders with Locking Rings by Samsill
CA-2018-143336,43339,114.9,5,0,34.47,10,43344,Standard Class,ZD-21925,Brosina Hoffman,Consumer,United States,Los Angeles,California,90032,West,OFF-AP-10002892,Office Supplies,Appliances,Belkin F5C206VTEL 6 Outlet Surge
CA-2020-137330,44174,1706.184,9,0.2,85.3092,11,44178,Standard Class,KB-16585,Brosina Hoffman,Consumer,United States,Los Angeles,California,90032,West,FUR-TA-10001539,Furniture,Tables,Chromcraft Rectangular Conference Tables
US-2021-156909,44393,911.424,4,0.2,68.3568,12,44395,Standard Class,SF-20065,Brosina Hoffman,Consumer,United States,Los Angeles,California,90032,West,TEC-PH-10002033,Technology,Phones,Konftel 250 Conference phone - Charcoal black
CA-2019-106320,43733,15.552,3,0.2,5.4432,13,43738,Standard Class,EB-13870,Andrew Allen,Consumer,United States,Concord,North Carolina,28027,South,OFF-PA-10002365,Office Supplies,Paper,Xerox 1967
CA-2020-121755,43846,407.976,3,0.2,132.5922,14,43850,Standard Class,EH-13945,Irene Maddox,Consumer,United States,Seattle,Washington,98103,West,OFF-BI-10003656,Office Supplies,Binders,Fellowes PB200 Plastic Comb Binding Machine
US-2019-150630,43725,68.81,5,0.8,-123.858,15,43729,Standard Class,TB-21520,Harold Pawlan,Home Office,United States,Fort Worth,Texas,76106,Central,OFF-AP-10002311,Office Supplies,Appliances,"Holmes Replacement Filter for HEPA Air Cleaner, Very Large Room, HEPA Filter"
CA-2021-107727,44488,2.544,3,0.8,-3.816,16,44492,Standard Class,MA-17560,Harold Pawlan,Home Office,United States,Fort Worth,Texas,76106,Central,OFF-BI-10000756,Office Supplies,Binders,Storex DuraTech Recycled Plastic Frosted Binders
CA-2020-117590,44173,665.88,6,0,13.3176,17,43830,Standard Class,GH-14485,Pete Kriz,Consumer,United States,Madison,Wisconsin,53711,Central,OFF-ST-10004186,Office Supplies,Storage,"Stur-D-Stor Shelving, Vertical 5-Shelf: 72""H x 36""W x 18 1/2""D"
CA-2019-117415,43826,55.5,2,0,9.99,18,44454,Second Class,SN-20710,Alejandro Grove,Consumer,United States,West Jordan,Utah,84084,West,OFF-ST-10000107,Office Supplies,Storage,Fellowes Super Stor/Drawer
CA-2021-120999,44449,8.56,2,0,2.4824,19,44034,Second Class,LC-16930,Zuschuss Donatelli,Consumer,United States,San Francisco,California,94109,West,OFF-AR-10003056,Office Supplies,Art,Newell 341
CA-2020-101343,44029,213.48,3,0.2,16.011,20,44462,Second Class,RA-19885,Zuschuss Donatelli,Consumer,United States,San Francisco,California,94109,West,TEC-PH-10001949,Technology,Phones,Cisco SPA 501G IP Phone
CA-2021-139619,44458,22.72,4,0.2,7.384,21,43903,Second Class,ES-14080,Zuschuss Donatelli,Consumer,United States,San Francisco,California,94109,West,OFF-BI-10002215,Office Supplies,Binders,"Wilson Jones Hanging View Binder, White, 1"""
CA-2020-118255,43901,19.46,7,0,5.0596,22,43398,Standard Class,ON-18715,Ken Black,Corporate,United States,Fremont,Nebraska,68025,Central,OFF-AR-10000246,Office Supplies,Art,Newell 318
CA-2018-146703,43393,60.34,7,0,15.6884,23,44007,Standard Class,PO-18865,Ken Black,Corporate,United States,Fremont,Nebraska,68025,Central,OFF-AP-10001492,Office Supplies,Appliances,"Acco Six-Outlet Power Strip, 4' Cord Length"
CA-2020-169194,44002,71.372,2,0.3,-1.0196,24,43577,Second Class,LH-16900,Sandra Flanagan,Consumer,United States,Philadelphia,Pennsylvania,19140,East,FUR-CH-10002774,Furniture,Chairs,"Global Deluxe Stacking Chair, Gray"
CA-2019-115742,43573,1044.63,3,0,240.2649,25,44182,Standard Class,DP-13000,Emily Burns,Consumer,United States,Orem,Utah,84057,West,OFF-BI-10001634,Furniture,Tables,Bretford CR4500 Series Slim Rectangular Table
CA-2020-105816,44176,11.648,2,0.2,4.2224,26,44000,Second Class,JM-15265,Eric Hoffmann,Consumer,United States,Los Angeles,California,90049,West,TEC-AC-10003027,Office Supplies,Binders,Wilson Jones Active Use Binders
CA-2020-111682,43999,90.57,3,0,11.7741,27,43799,Second Class,TB-21055,Eric Hoffmann,Consumer,United States,Los Angeles,California,90049,West,FUR-BO-10004834,Technology,Accessories,Imation 8GB Mini TravelDrive USB 2.0 Flash Drive
CA-2019-135545,43793,3083.43,7,0.5,-1665.0522,28,43590,Standard Class,KM-16720,Tracy Blumstein,Consumer,United States,Philadelphia,Pennsylvania,19140,East,OFF-BI-10000474,Furniture,Bookcases,"Riverside Palais Royal Lawyers Bookcase, Royale Cherry Finish"
US-2019-164175,43585,9.618,2,0.7,-7.0532,29,43444,Standard Class,PS-18970,Tracy Blumstein,Consumer,United States,Philadelphia,Pennsylvania,19140,East,FUR-FU-10004848,Office Supplies,Binders,Avery Recycled Flexi-View Covers for Binding Systems
CA-2018-106376,43439,124.2,3,0.2,15.525,30,43988,Standard Class,BS-11590,Tracy Blumstein,Consumer,United States,Philadelphia,Pennsylvania,19140,East,OFF-EN-10001509,Furniture,Furnishings,"Howard Miller 13-3/4"" Diameter Brushed Chrome Round Wall Clock"
CA-2020-119823,43986,3.264,2,0.2,1.1016,31,44097,Standard Class,KD-16270,Tracy Blumstein,Consumer,United States,Philadelphia,Pennsylvania,19140,East,OFF-AR-10004042,Office Supplies,Envelopes,Poly String Tie Envelopes
CA-2020-106075,44092,86.304,6,0.2,9.7092,32,44456,Standard Class,HM-14980,Tracy Blumstein,Consumer,United States,Philadelphia,Pennsylvania,19140,East,OFF-BI-10001525,Office Supplies,Art,"BOSTON Model 1800 Electric Pencil Sharpeners, Putty/Woodgrain"
CA-2021-114440,44453,6.858,6,0.7,-5.715,33,43587,Standard Class,JE-15745,Tracy Blumstein,Consumer,United States,Philadelphia,Pennsylvania,19140,East,OFF-AR-10001683,Office Supplies,Binders,"Acco Pressboard Covers with Storage Hooks, 14 7/8"" x 11"", Executive Red"
US-2019-134026,43581,15.76,2,0.2,3.546,34,44541,Standard Class,KB-16600,Tracy Blumstein,Consumer,United States,Philadelphia,Pennsylvania,19140,East,OFF-PA-10000249,Office Supplies,Art,Lumber Crayons
US-2021-118038,44539,29.472,3,0.2,9.9468,35,43435,Second Class,SC-20770,Matt Abelman,Home Office,United States,Houston,Texas,77095,Central,TEC-PH-10004977,Office Supplies,Paper,Easy-staple paper
US-2018-147606,43430,1097.544,7,0.2,123.4737,36,43997,First Class,DN-13690,Gene Hale,Corporate,United States,Richardson,Texas,75080,Central,FUR-FU-10003664,Technology,Phones,GE 30524EE4
CA-2020-127208,43385,190.92,5,0.6,-147.963,37,43389,First Class,JC-16105,Gene Hale,Corporate,United States,Richardson,Texas,75080,Central,OFF-EN-10002986,Furniture,Furnishings,"Electrix Architect's Clamp-On Swing Arm Lamp, Black"
CA-2018-139451,43711,113.328,9,0.2,35.415,38,43716,Standard Class,CS-12400,Steve Nguyen,Home Office,United States,Houston,Texas,77041,Central,FUR-BO-10002545,Office Supplies,Envelopes,"#10-4 1/8"" x 9 1/2"" Premium Diagonal Seam Envelopes"
CA-2019-149734,44513,532.3992,3,0.32,-46.9764,39,44516,Standard Class,PG-18895,Steve Nguyen,Home Office,United States,Houston,Texas,77041,Central,FUR-CH-10004218,Furniture,Bookcases,"Atlantic Metals Mobile 3-Shelf Bookcases, Custom Colors"
US-2021-119662,44344,212.058,3,0.3,-15.147,40,44346,Standard Class,GM-14455,Steve Nguyen,Home Office,United States,Houston,Texas,77041,Central,TEC-PH-10000486,Furniture,Chairs,"Global Fabric Manager's Chair, Dark Gray"
CA-2021-140088,44495,371.168,4,0.2,41.7564,41,44502,Standard Class,JS-15685,Steve Nguyen,Home Office,United States,Houston,Texas,77041,Central,TEC-PH-10004093,Technology,Phones,Plantronics HL10 Handset Lifter
CA-2021-155558,43926,147.168,4,0.2,16.5564,42,43931,Standard Class,KB-16315,Linda Cazamias,Corporate,United States,Naperville,Illinois,60540,Central,OFF-ST-10003479,Technology,Phones,Panasonic Kx-TS550
CA-2020-159695,44091,77.88,2,0,3.894,43,44096,Standard Class,RB-19705,Ruben Ausman,Corporate,United States,Los Angeles,California,90049,West,OFF-ST-10003282,Office Supplies,Storage,"Eldon Base for stackable storage shelf, platinum"
CA-2020-109806,43496,95.616,2,0.2,9.5616,44,43501,Standard Class,PN-18775,Erin Smith,Corporate,United States,Melbourne,Florida,32935,South,TEC-AC-10000171,Office Supplies,Storage,"Advantus 10-Drawer Portable Organizer, Chrome Metal Frame, Smoke Drawers"
CA-2019-149587,44506,45.98,2,0,19.7714,45,44512,First Class,KD-16345,Odella Nelson,Corporate,United States,Eagan,Minnesota,55122,Central,OFF-BI-10003291,Technology,Accessories,"Verbatim 25 GB 6x Blu-ray Single Layer Recordable Disc, 25/Pack"
US-2021-109484,44509,17.46,2,0,8.2062,46,44511,First Class,ER-13855,Odella Nelson,Corporate,United States,Eagan,Minnesota,55122,Central,OFF-ST-10001713,Office Supplies,Binders,Wilson Jones Leather-Like Binders with DublLock Round Rings
CA-2021-161018,44364,211.96,4,0,8.4784,47,44367,Second Class,RB-19465,Patrick O'Donnell,Consumer,United States,Westland,Michigan,48185,Central,TEC-AC-10002167,Office Supplies,Storage,"Gould Plastics 9-Pocket Panel Bin, 18-3/8w x 5-1/4d x 20-1/2h, Black"
CA-2021-157833,44080,45,3,0,4.95,48,44085,Standard Class,GZ-14470,Lena Hernandez,Consumer,United States,Dover,Delaware,19901,East,TEC-PH-10003988,Technology,Accessories,Imation 8gb Micro Traveldrive Usb 2.0 Flash Drive
CA-2020-149223,44072,21.8,2,0,6.104,49,44076,Standard Class,LC-16870,Lena Hernandez,Consumer,United States,Dover,Delaware,19901,East,OFF-BI-10004410,Technology,Phones,"LF Elite 3D Dazzle Designer Hard Case Cover, Lf Stylus Pen and Wiper For Apple Iphone 5c Mini Lite"
CA-2020-158568,44166,38.22,6,0,17.9634,50,44169,Standard Class,JM-15250,Darren Powers,Consumer,United States,New Albany,Indiana,47150,Central,OFF-LA-10002762,Office Supplies,Binders,"C-Line Peel & Stick Add-On Filing Pockets, 8-3/4 x 5-1/8, 10/Pack"
CA-2020-129903,43782,75.18,6,0,35.3346,51,43786,Standard Class,PA-19060,Darren Powers,Consumer,United States,New Albany,Indiana,47150,Central,FUR-FU-10001706,Office Supplies,Labels,Avery 485
US-2019-156867,44523,6.16,2,0,2.9568,52,44528,Standard Class,CV-12805,Darren Powers,Consumer,United States,New Albany,Indiana,47150,Central,FUR-CH-10003061,Furniture,Furnishings,Longer-Life Soft White Bulbs
CA-2021-119004,43753,89.99,1,0,17.0981,53,43758,Standard Class,CL-12565,Darren Powers,Consumer,United States,New Albany,Indiana,47150,Central,OFF-FA-10000304,Furniture,Chairs,"Global Leather Task Chair, Black"
CA-2019-129476,44555,15.26,7,0,6.2566,54,44560,Standard Class,RC-19960,Janet Molinari,Corporate,United States,New York City,New York,10024,East,TEC-PH-10002447,Office Supplies,Fasteners,Advantus Push Pins
CA-2021-146780,44138,1029.95,5,0,298.6855,55,44145,Standard Class,DK-13090,Janet Molinari,Corporate,United States,New York City,New York,10024,East,OFF-ST-10000604,Technology,Phones,AT&T CL83451 4-Handset Telephone
CA-2020-128867,43337,208.56,6,0,52.14,56,43339,First Class,GG-14650,Ted Butterfield,Consumer,United States,Troy,New York,12180,East,OFF-PA-10001569,Office Supplies,Storage,Home/Office Personal File Carts
CA-2018-115259,43526,32.4,5,0,15.552,57,43530,First Class,SC-20725,Ted Butterfield,Consumer,United States,Troy,New York,12180,East,FUR-CH-10003968,Office Supplies,Paper,Xerox 232
CA-2019-110457,43560,319.41,5,0.1,7.098,58,43565,First Class,AD-10180,Ted Butterfield,Consumer,United States,Troy,New York,12180,East,OFF-PA-10000587,Furniture,Chairs,Novimex Turbo Task Chair
US-2019-136476,43460,14.56,2,0,6.9888,59,43462,First Class,PF-19165,Ted Butterfield,Consumer,United States,Troy,New York,12180,East,OFF-BI-10001460,Office Supplies,Paper,"Array Parchment Paper, Assorted Colors"
CA-2020-103730,43363,30,2,0,3.3,60,43368,First Class,TS-21610,Ted Butterfield,Consumer,United States,Troy,New York,12180,East,OFF-AR-10001868,Technology,Accessories,Imation 8gb Micro Traveldrive Usb 2.0 Flash Drive
US-2018-152030,44505,48.48,4,0.2,16.362,61,44232,First Class,LS-16975,Ted Butterfield,Consumer,United States,Troy,New York,12180,East,TEC-AC-10004633,Office Supplies,Binders,Plastic Binding Combs
US-2018-134614,44141,1.68,1,0,0.84,62,44123,First Class,DW-13585,Ted Butterfield,Consumer,United States,Troy,New York,12180,East,OFF-BI-10001078,Office Supplies,Art,Prang Dustless Chalk Sticks
US-2021-107272,44229,13.98,2,0,6.1512,63,44081,Standard Class,LC-16885,Kunst Miller,Consumer,United States,Los Angeles,California,90004,West,OFF-PA-10003892,Technology,Accessories,"Verbatim 25 GB 6x Blu-ray Single Layer Recordable Disc, 3/Pack"
US-2020-125969,44117,25.824,6,0.2,9.3612,64,44557,Standard Class,JD-15895,Kunst Miller,Consumer,United States,Los Angeles,California,90004,West,FUR-FU-10000397,Office Supplies,Binders,"Acco PRESSTEX Data Binder with Storage Hooks, Dark Blue, 14 7/8"" X 11"""
US-2021-164147,44079,146.73,3,0,68.9631,65,43720,Standard Class,SH-19975,Kunst Miller,Consumer,United States,Los Angeles,California,90004,West,FUR-CH-10001146,Office Supplies,Paper,Xerox 1943
CA-2020-145583,44457,79.76,4,0,22.3328,66,43401,Standard Class,SG-20080,Kunst Miller,Consumer,United States,Los Angeles,California,90004,West,OFF-AR-10002671,Furniture,Furnishings,Luxo Economy Swing Arm Lamp
CA-2020-110366,44552,213.115,5,0.3,-15.2225,67,44174,Standard Class,HA-14920,Paul Stevenson,Home Office,United States,Chicago,Illinois,60610,Central,TEC-PH-10002726,Furniture,Chairs,"Global Value Mid-Back Manager's Chair, Gray"
CA-2021-106180,43715,1113.024,8,0.2,111.3024,68,43906,Standard Class,MG-17680,Brendan Sweed,Corporate,United States,Gilbert,Arizona,85234,West,OFF-PA-10000482,Office Supplies,Art,"Hunt BOSTON Model 1606 High-Volume Electric Pencil Sharpener, Beige"
CA-2021-155376,43395,167.968,4,0.2,62.988,69,43618,Standard Class,JE-16165,Brendan Sweed,Corporate,United States,Gilbert,Arizona,85234,West,OFF-BI-10004654,Technology,Phones,netTALK DUO VoIP Telephone Service
CA-2019-110744,43903,75.88,2,0,35.6636,70,43619,First Class,TW-21025,Karen Daniels,Consumer,United States,Springfield,Virginia,22153,South,OFF-PA-10004675,Office Supplies,Paper,"Snap-A-Way Black Print Carbonless Ruled Speed Letter, Triplicate"
CA-2018-110072,43616,4.616,1,0.2,1.731,71,43165,Standard Class,SP-20650,Henry MacAllister,Consumer,United States,New York City,New York,10009,East,FUR-CH-10000513,Office Supplies,Binders,Avery Binding System Hidden Tab Executive Style Index Sets
CA-2020-114489,43613,19.05,3,0,8.763,72,44159,Second Class,NK-18490,Tracy Blumstein,Consumer,United States,Jackson,Michigan,49201,Central,FUR-FU-10003708,Office Supplies,Paper,"Telephone Message Books with Fax/Mobile Section, 5 1/2"" x 3 3/16"""
CA-2020-158834,43160,831.936,8,0.2,-114.3912,73,43963,Standard Class,DB-13060,Joel Eaton,Consumer,United States,Memphis,Tennessee,38109,South,OFF-ST-10004123,Furniture,Chairs,High-Back Leather Manager's Chair
CA-2019-124919,44155,97.04,2,0.2,1.213,74,44155,Standard Class,NP-18670,Joel Eaton,Consumer,United States,Memphis,Tennessee,38109,South,OFF-BI-10004182,Furniture,Furnishings,"Tenex Traditional Chairmats for Medium Pile Carpet, Standard Lip, 36"" x 48"""
CA-2019-118948,43962,72.784,1,0.2,-18.196,75,43355,Standard Class,TT-21070,Joel Eaton,Consumer,United States,Memphis,Tennessee,38109,South,FUR-FU-10000260,Office Supplies,Storage,Safco Industrial Wire Shelving System
CA-2018-104269,43827,1.248,3,0.8,-1.9344,76,43321,First Class,EM-13960,Ken Brennan,Corporate,United States,Houston,Texas,77041,Central,OFF-ST-10000615,Office Supplies,Binders,Economy Binders
CA-2020-114104,44151,9.708,3,0.6,-5.8248,77,43362,First Class,RD-19900,Ken Brennan,Corporate,United States,Houston,Texas,77041,Central,FUR-FU-10003194,Furniture,Furnishings,"6"" Cubicle Wall Clock, Black"
CA-2020-162733,44142,27.24,3,0.2,2.724,78,44311,First Class,MJ-17740,Ken Brennan,Corporate,United States,Houston,Texas,77041,Central,OFF-AP-10002118,Office Supplies,Storage,"SimpliFile Personal File, Black Granite, 15w x 6-15/16d x 11-1/4h"
CA-2019-119697,43351,19.3,5,0.6,-14.475,79,43792,Second Class,BM-11140,Joel Eaton,Consumer,United States,Houston,Texas,77070,Central,OFF-BI-10002309,Furniture,Furnishings,"Eldon Expressions Desk Accessory, Wood Pencil Holder, Oak"
CA-2020-154508,43317,208.16,1,0,56.2032,80,43818,First Class,CS-12130,Stewart Carmichael,Corporate,United States,Decatur,Alabama,35601,South,OFF-AR-10002053,Office Supplies,Appliances,"1.7 Cubic Foot Compact ""Cube"" Office Refrigerators"
CA-2020-113817,43357,16.74,3,0,8.0352,81,43443,First Class,JB-15400,Stewart Carmichael,Corporate,United States,Decatur,Alabama,35601,South,OFF-ST-10002370,Office Supplies,Binders,Avery Heavy-Duty EZD  Binder With Locking Rings
CA-2018-139892,44307,14.9,5,0,4.172,82,43428,Standard Class,SJ-20500,Duane Noonan,Consumer,United States,San Francisco,California,94122,West,OFF-EN-10000927,Office Supplies,Art,"Premium Writing Pencils, Soft, #2 by Central Association for the Blind"
CA-2018-118962,43790,21.39,1,0,6.2031,83,44167,Standard Class,JK-15640,Duane Noonan,Consumer,United States,San Francisco,California,94122,West,OFF-ST-10003656,Office Supplies,Storage,"Sortfiler Multipurpose Personal File Organizer, Black"
US-2018-100853,43814,200.984,7,0.2,62.8075,84,43342,Standard Class,DK-13150,Julie Creighton,Corporate,United States,Durham,North Carolina,27707,South,FUR-CH-10000863,Office Supplies,Envelopes,Jet-Pak Recycled Peel 'N' Seal Padded Mailers
US-2021-152366,43423,230.376,3,0.2,-48.9549,85,43752,First Class,RM-19675,Christopher Schild,Home Office,United States,Chicago,Illinois,60623,Central,TEC-AC-10001998,Office Supplies,Storage,Safco Industrial Wire Shelving
US-2019-101511,44163,301.96,2,0,33.2156,86,43775,Second Class,SK-19990,Patrick O'Donnell,Consumer,United States,Columbia,South Carolina,29203,South,OFF-LA-10000134,Furniture,Chairs,Novimex Swivel Fabric Task Chair
CA-2019-137225,43338,19.99,1,0,6.7966,87,43184,Standard Class,FM-14290,Paul Gonzalez,Consumer,United States,Rochester,Minnesota,55901,Central,OFF-ST-10003442,Technology,Accessories,Logitech LS21 Speaker System - PC Multimedia - 2.1-CH - Wired
CA-2018-166191,44028,6.16,2,0,2.9568,88,44513,Standard Class,AM-10360,Paul Gonzalez,Consumer,United States,Rochester,Minnesota,55901,Central,OFF-AR-10004930,Office Supplies,Labels,Avery 511
CA-2018-158274,43750,158.368,7,0.2,13.8572,89,44390,Second Class,MP-17470,Gary Mitchum,Home Office,United States,Houston,Texas,77095,Central,OFF-PA-10000304,Office Supplies,Storage,Eldon Portable Mobile Manager
CA-2020-105018,43769,20.1,3,0,6.633,90,44376,Standard Class,MZ-17515,Jim Sink,Corporate,United States,Los Angeles,California,90036,West,OFF-PA-10003177,Office Supplies,Art,Turquoise Lead Holder with Pocket Clip
CA-2018-123260,43180,73.584,2,0.2,8.2782,91,43317,Standard Class,CB-12025,Jim Sink,Corporate,United States,Los Angeles,California,90036,West,FUR-FU-10003799,Technology,Phones,Panasonic Kx-TS550
CA-2020-157000,44383,6.48,1,0,3.1104,92,44551,Standard Class,VM-21685,Jim Sink,Corporate,United States,Los Angeles,California,90036,West,OFF-BI-10002852,Office Supplies,Paper,Xerox 1995
CA-2019-102281,44371,12.96,2,0,6.2208,93,44354,Second Class,FH-14365,Karl Braun,Consumer,United States,Minneapolis,Minnesota,55407,Central,OFF-BI-10004738,Office Supplies,Paper,Xerox 1999
CA-2019-131457,43315,53.34,3,0,16.5354,94,44544,Second Class,MB-17305,Karl Braun,Consumer,United States,Minneapolis,Minnesota,55407,Central,FUR-FU-10000629,Furniture,Furnishings,"Seth Thomas 13 1/2"" Wall Clock"
CA-2018-140004,44547,32.96,2,0,16.1504,95,44537,Second Class,BS-11755,Karl Braun,Consumer,United States,Minneapolis,Minnesota,55407,Central,OFF-BI-10001721,Office Supplies,Binders,Ibico Standard Transparent Covers
CA-2021-107720,44350,5.682,1,0.7,-3.788,96,43509,Standard Class,LC-17140,Roger Barcio,Home Office,United States,Portland,Oregon,97206,West,OFF-AP-10000358,Office Supplies,Binders,Flexible Leather- Look Classic Collection Ring Binder
US-2021-124303,44531,96.53,7,0,40.5426,97,43474,Second Class,HK-14890,Parhena Norris,Home Office,United States,New York City,New York,10009,East,OFF-PA-10003256,Furniture,Furnishings,9-3/4 Diameter Round Wall Clock
CA-2021-105074,43505,51.312,3,0.2,17.9592,98,44136,First Class,LE-16810,Katherine Ducich,Consumer,United States,San Francisco,California,94122,West,TEC-AC-10001767,Office Supplies,Binders,Trimflex Flexible Post Binders
CA-2018-133690,43467,77.88,6,0,22.5852,99,43826,Standard Class,JH-15985,Elpida Rittenbach,Corporate,United States,Saint Paul,Minnesota,55106,Central,OFF-BI-10002609,Office Supplies,Appliances,Fellowes Basic Home/Office Series Surge Protectors
US-2021-116701,44132,64.624,7,0.2,22.6184,100,43693,Standard Class,MS-17980,Rick Bensley,Home Office,United States,Chicago,Illinois,60610,Central,OFF-PA-10004040,Office Supplies,Paper,Avery Personal Creations Heavyweight Cards
CA-2021-126382,43823,95.976,3,0.2,-10.7973,101,43528,Standard Class,VW-21775,Rick Bensley,Home Office,United States,Chicago,Illinois,60610,Central,TEC-AC-10001552,Technology,Accessories,SanDisk Ultra 64 GB MicroSDHC Class 10 Memory Card
CA-2021-108329,43686,1.788,3,0.8,-3.0396,102,43360,Standard Class,JH-15910,Rick Bensley,Home Office,United States,Chicago,Illinois,60610,Central,FUR-FU-10004006,Office Supplies,Binders,Avery Hidden Tab Dividers for Binding Systems
CA-2021-135860,43524,23.92,4,0,11.7208,103,44298,Second Class,JB-15925,Gary Zandusky,Consumer,United States,Rochester,Minnesota,55901,Central,OFF-BI-10002794,Office Supplies,Paper,Universal Premium White Copier/Laser Paper (20Lb. and 87 Bright)
CA-2019-101007,43356,238.896,6,0.2,-26.8758,104,43991,Standard Class,DS-13180,Lena Cacioppo,Consumer,United States,Aurora,Colorado,80013,West,TEC-AC-10003499,Technology,Accessories,Logitech K350 2.4Ghz Wireless Keyboard
CA-2019-146262,44293,102.36,3,0.2,-3.8385,105,43257,Standard Class,VD-21670,Lena Cacioppo,Consumer,United States,Aurora,Colorado,80013,West,TEC-PH-10002844,Furniture,Furnishings,"Deflect-o DuraMat Lighweight, Studded, Beveled Mat for Low Pile Carpeting"
CA-2020-130162,44512,36.882,3,0.7,-25.8174,106,44180,Standard Class,EA-14035,Lena Cacioppo,Consumer,United States,Aurora,Colorado,80013,West,OFF-AR-10000390,Office Supplies,Binders,"Avery Trapezoid Ring Binder, 3"" Capacity, Black, 1040 sheets"
CA-2019-169397,43252,74.112,8,0.2,17.6016,107,44091,Standard Class,DB-13120,Janet Martin,Consumer,United States,Charlotte,North Carolina,28205,South,TEC-AC-10000844,Technology,Accessories,Memorex Mini Travel Drive 8 GB USB 2.0 Flash Drive
CA-2019-163055,44175,27.992,1,0.2,2.0994,108,43803,Standard Class,KL-16645,Janet Martin,Consumer,United States,Charlotte,North Carolina,28205,South,FUR-FU-10001934,Technology,Phones,Speck Products Candyshell Flip Case
US-2019-145436,44085,3.304,1,0.2,1.0738,109,44533,Standard Class,DW-13480,Janet Martin,Consumer,United States,Charlotte,North Carolina,28205,South,OFF-AR-10000380,Office Supplies,Art,Newell Chalk Holder
US-2018-156216,43797,339.96,5,0.2,67.992,110,44359,Standard Class,LH-17155,Pete Armstrong,Home Office,United States,Orland Park,Illinois,60462,Central,OFF-BI-10003981,Technology,Accessories,Logitech Gaming G510s - Keyboard
US-2021-100930,44355,41.96,2,0,10.9096,111,43364,Standard Class,KC-16540,Cynthia Voltz,Corporate,United States,New York City,New York,10035,East,OFF-FA-10000621,Furniture,Furnishings,Magnifier Swing Arm Lamp
CA-2021-160514,43362,75.96,2,0,22.788,112,43995,Standard Class,DL-13315,Clay Ludtke,Consumer,United States,Urbandale,Iowa,50322,Central,OFF-EN-10002600,Office Supplies,Art,"Hunt PowerHouse Electric Pencil Sharpener, Blue"
CA-2020-157749,43988,27.24,6,0,13.3476,113,43784,Standard Class,DR-12880,Clay Ludtke,Consumer,United States,Urbandale,Iowa,50322,Central,OFF-PA-10004965,Office Supplies,Binders,"Avery Durable Plastic 1"" Binders"
CA-2018-131926,43779,40.096,14,0.2,14.5348,114,43858,Second Class,CC-12670,Ryan Crowe,Consumer,United States,Columbus,Ohio,43229,East,OFF-EN-10002504,Office Supplies,Fasteners,"OIC Colored Binder Clips, Assorted Sizes"
CA-2020-154739,44363,4.72,2,0.2,1.652,115,44543,Second Class,Dl-13600,Ryan Crowe,Consumer,United States,Columbus,Ohio,43229,East,FUR-TA-10001768,Office Supplies,Envelopes,"Redi-Strip #10 Envelopes, 4 1/8 x 9 1/2"
CA-2020-145625,43852,23.976,3,0.2,7.4925,116,44563,Second Class,SB-20290,Ryan Crowe,Consumer,United States,Columbus,Ohio,43229,East,OFF-BI-10003650,Office Supplies,Paper,Xerox 1921
CA-2020-146941,44558,130.464,6,0.2,44.0316,117,43677,Second Class,RC-19825,Ryan Crowe,Consumer,United States,Columbus,Ohio,43229,East,FUR-FU-10002157,Office Supplies,Envelopes,"Tyvek  Top-Opening Peel & Seel Envelopes, Plain White"
US-2019-159982,43676,787.53,3,0,165.3813,118,44486,Standard Class,AH-10210,Dave Kipp,Consumer,United States,Seattle,Washington,98103,West,OFF-ST-10000777,Furniture,Tables,Hon Racetrack Conference Tables
CA-2021-163139,44455,157.794,1,0.7,-115.7156,119,43736,Standard Class,CB-12535,Greg Guthrie,Corporate,United States,Bristol,Tennessee,37620,South,OFF-EN-10002500,Office Supplies,Binders,GBC DocuBind 300 Electric Binding Machine
US-2021-155299,44482,47.04,3,0,18.3456,120,43740,First Class,CA-12310,Steven Cartwright,Consumer,United States,Wilmington,Delaware,19805,East,TEC-PH-10003875,Furniture,Furnishings,Artistic Insta-Plaque
US-2018-106992,43734,30.84,4,0,13.878,121,44185,First Class,KH-16690,Steven Cartwright,Consumer,United States,Wilmington,Delaware,19805,East,FUR-CH-10004063,Office Supplies,Binders,DXL Angle-View Binders with Locking Rings by Samsill
CA-2020-125318,43771,226.56,6,0,63.4368,122,44138,First Class,BB-10990,Steven Cartwright,Consumer,United States,Wilmington,Delaware,19805,East,FUR-TA-10004534,Office Supplies,Storage,"Companion Letter/Legal File, Black"
CA-2019-155040,44183,115.02,9,0,51.759,123,44523,First Class,AG-10495,Steven Cartwright,Consumer,United States,Wilmington,Delaware,19805,East,OFF-BI-10003274,Office Supplies,Envelopes,Globe Weis Peel & Seel First Class Envelopes
CA-2021-136826,44519,68.04,7,0,19.7316,124,43594,First Class,JO-15280,Steven Cartwright,Consumer,United States,Wilmington,Delaware,19805,East,OFF-ST-10002974,Technology,Phones,KLD Oscar II Style Snap-on Ultra Thin Side Flip Synthetic Leather Cover Case for HTC One HTC M7
CA-2020-111010,43589,600.558,3,0.3,-8.5794,125,43469,Second Class,AH-10195,Alan Dominguez,Home Office,United States,Houston,Texas,77041,Central,FUR-FU-10003773,Furniture,Chairs,Global Deluxe High-Back Manager's Chair
US-2021-145366,43464,617.7,6,0.5,-407.682,126,44303,Standard Class,NZ-18565,Philip Fox,Consumer,United States,Bloomington,Illinois,61701,Central,TEC-PH-10002293,Furniture,Tables,Bevis 44 x 96 Conference Tables
CA-2021-163979,44086,2.388,2,0.7,-1.8308,127,44088,Standard Class,KL-16555,Troy Staebel,Consumer,United States,Phoenix,Arizona,85023,West,OFF-PA-10002377,Office Supplies,Binders,"Avery Durable Slant Ring Binders, No Labels"
CA-2019-155334,43370,243.992,7,0.2,30.499,128,43376,Standard Class,AS-10225,Troy Staebel,Consumer,United States,Phoenix,Arizona,85023,West,OFF-FA-10002780,Office Supplies,Storage,"Trav-L-File Heavy-Duty Shuttle II, Black"
CA-2021-118136,43321,81.424,2,0.2,-9.1602,129,43328,Second Class,CR-12625,Lindsay Shagiari,Home Office,United States,Los Angeles,California,90004,West,OFF-PA-10001804,Furniture,Chairs,"Global Task Chair, Black"
CA-2021-132976,43462,238.56,3,0,26.2416,130,43464,Second Class,SH-20395,Lindsay Shagiari,Home Office,United States,Los Angeles,California,90004,West,OFF-PA-10001736,Furniture,Furnishings,Eldon Cleatmat Plus Chair Mats for High Pile Carpets
US-2019-161991,43408,59.97,5,0.4,-11.994,131,43413,First Class,BP-11185,Dorothy Wardle,Corporate,United States,Columbus,Ohio,43229,East,OFF-AR-10001149,Technology,Phones,Anker 36W 4-Port USB Wall Charger Travel Power Adapter for iPhone 5s 5c 5
CA-2019-130890,43944,78.304,2,0.2,29.364,132,43367,First Class,TS-21205,Dorothy Wardle,Corporate,United States,Columbus,Ohio,43229,East,OFF-FA-10002988,Office Supplies,Paper,Xerox 1916
CA-2019-130883,44503,21.456,9,0.2,6.9732,133,43948,First Class,AG-10525,Dorothy Wardle,Corporate,United States,Columbus,Ohio,43229,East,OFF-BI-10004781,Office Supplies,Fasteners,Staples
CA-2020-112697,44073,20.04,3,0,9.6192,134,44505,Standard Class,SP-20860,Lena Creighton,Consumer,United States,Roseville,California,95661,West,OFF-SU-10001218,Office Supplies,Paper,Xerox 195
CA-2020-110772,43946,35.44,1,0,16.6568,135,44075,Standard Class,NM-18445,Lena Creighton,Consumer,United States,Roseville,California,95661,West,OFF-AR-10000940,Office Supplies,Paper,Xerox 1880
CA-2018-111451,43709,11.52,4,0,3.456,136,43950,Standard Class,FA-14230,Lena Creighton,Consumer,United States,Roseville,California,95661,West,OFF-EN-10004030,Office Supplies,Art,"Sanford Colorific Colored Pencils, 12/Box"
CA-2020-142545,43293,4.02,2,0,1.9698,137,43712,Standard Class,GK-14620,Lena Creighton,Consumer,United States,Roseville,California,95661,West,OFF-PA-10004327,Office Supplies,Fasteners,Ideal Clamps
US-2021-152380,43638,76.176,3,0.2,26.6616,138,43298,Standard Class,DJ-13510,Lena Creighton,Consumer,United States,Roseville,California,95661,West,OFF-AP-10001058,Office Supplies,Binders,GBC Wire Binding Strips
CA-2019-144253,43203,65.88,6,0,18.4464,139,43642,Standard Class,PO-18850,Lena Creighton,Consumer,United States,Roseville,California,95661,West,FUR-FU-10000521,Office Supplies,Supplies,Fiskars Softgrip Scissors
CA-2018-130960,43819,43.12,14,0,20.6976,140,43207,Standard Class,JL-15850,Lena Creighton,Consumer,United States,Roseville,California,95661,West,TEC-PH-10000215,Furniture,Furnishings,Longer-Life Soft White Bulbs
CA-2018-111003,44362,82.8,2,0.2,10.35,141,43823,Second Class,DB-13615,Jonathan Doherty,Corporate,United States,Philadelphia,Pennsylvania,19140,East,TEC-PH-10001448,Furniture,Furnishings,"Howard Miller 13-3/4"" Diameter Brushed Chrome Round Wall Clock"
CA-2021-126774,44385,8.82,3,0,2.3814,142,44366,Standard Class,AC-10420,Sally Hughsby,Corporate,United States,San Francisco,California,94122,West,OFF-BI-10002735,Office Supplies,Art,Newell 343
CA-2020-142902,44075,10.86,3,0,5.1042,143,44389,Standard Class,CC-12550,Sally Hughsby,Corporate,United States,San Francisco,California,94122,West,OFF-AP-10000326,Office Supplies,Envelopes,Convenience Packs of Business Envelopes
CA-2018-120887,43929,143.7,3,0,68.976,144,44077,Standard Class,TD-20995,Sally Hughsby,Corporate,United States,San Francisco,California,94122,West,TEC-PH-10001254,Office Supplies,Paper,Xerox 1911
CA-2018-167850,44263,839.43,3,0,218.2518,145,43934,Standard Class,AB-10060,Sandra Glassco,Consumer,United States,Independence,Missouri,64055,Central,OFF-PA-10001950,Office Supplies,Appliances,Sanyo 2.5 Cubic Foot Mid-Size Office Refrigerators
CA-2018-164259,44464,671.93,7,0,20.1579,146,43949,Standard Class,JL-15505,Helen Andreada,Consumer,United States,Pasadena,California,91104,West,OFF-PA-10002254,Office Supplies,Storage,Safco Industrial Wire Shelving
CA-2018-164973,43367,93.888,4,0.2,12.9096,147,44266,Standard Class,VB-21745,Maureen Gastineau,Home Office,United States,Newark,Ohio,43055,East,OFF-ST-10001590,Furniture,Furnishings,"Seth Thomas 14"" Putty-Colored Wall Clock"
CA-2018-156601,44125,384.45,11,0,103.8015,148,44470,Standard Class,KW-16435,Justin Ellison,Corporate,United States,Franklin,Wisconsin,53132,Central,OFF-AR-10001547,Technology,Phones,Plantronics Cordless Phone Headset with In-line Volume - M214C
CA-2020-162138,,149.97,3,0,5.9988,149,43372,Standard Class,JD-16060,Justin Ellison,Corporate,United States,Franklin,Wisconsin,53132,Central,OFF-LA-10002475,Technology,Phones,Anker Astro 15000mAh USB Portable Charger
CA-2021-153339,,1951.84,8,0,585.552,150,44125,Standard Class,MK-17905,Justin Ellison,Corporate,United States,Franklin,Wisconsin,53132,Central,TEC-PH-10004536,Furniture,Chairs,"Hon Deluxe Fabric Upholstered Stacking Chairs, Rounded Back"
US-2020-141544,,171.55,5,0,80.6285,151,,Standard Class,GT-14755,Justin Ellison,Corporate,United States,Franklin,Wisconsin,53132,Central,OFF-PA-10002751,Office Supplies,Binders,GBC Prestige Therm-A-Bind Covers
US-2020-150147,,157.92,5,0.2,17.766,152,,First Class,AG-10900,Tamara Willingham,Home Office,United States,Scottsdale,Arizona,85254,West,TEC-AC-10003657,Office Supplies,Appliances,Belkin 7 Outlet SurgeMaster Surge Protector with Phone Protection
CA-2019-137946,,203.184,2,0.2,15.2388,153,,First Class,MM-18280,Tamara Willingham,Home Office,United States,Scottsdale,Arizona,85254,West,OFF-EN-10001990,Technology,Phones,Jabra BIZ 2300 Duo QD Duo Corded Headset
CA-2018-129924,,58.38,7,0,26.271,154,,First Class,AR-10405,Stephanie Phelps,Corporate,United States,San Jose,California,95123,West,OFF-BI-10004002,Office Supplies,Paper,Southworth 25% Cotton Antique Laid Paper & Envelopes
CA-2019-128167,,105.52,4,0,48.5392,155,,First Class,RA-19915,Stephanie Phelps,Corporate,United States,San Jose,California,95123,West,OFF-AR-10004441,Office Supplies,Paper,Xerox 1883
CA-2018-122336,,80.88,6,0,21.0288,156,,First Class,AS-10285,Stephanie Phelps,Corporate,United States,San Jose,California,95123,West,TEC-MA-10000822,Office Supplies,Storage,"Tenex Personal Project File with Scoop Front Design, Black"
US-2019-120712,,6.63,3,0,1.7901,157,,Standard Class,LA-16780,Neil Knudson,Home Office,United States,Seattle,Washington,98105,West,OFF-ST-10000991,Office Supplies,Art,Newell 311
CA-2021-169901,,457.568,2,0.2,51.4764,158,,Second Class,DO-13435,Dave Brooks,Consumer,United States,Seattle,Washington,98115,West,FUR-CH-10004287,Furniture,Chairs,Global Deluxe High-Back Manager's Chair
CA-2021-134306,,14.62,2,0,6.8714,159,,Standard Class,DK-13225,Nora Paige,Consumer,United States,Edmond,Oklahoma,73034,Central,OFF-AR-10002656,Office Supplies,Labels,Avery 519
CA-2020-129714,,944.93,7,0,236.2325,160,,Standard Class,NG-18430,Nora Paige,Consumer,United States,Edmond,Oklahoma,73034,Central,OFF-AP-10002518,Technology,Phones,Avaya 5420 Digital phone
CA-2020-138520,,5.98,1,0,2.691,161,,First Class,MV-18190,Ted Trevino,Consumer,United States,Los Angeles,California,90045,West,TEC-PH-10003931,Office Supplies,Paper,Xerox 1920
CA-2020-130001,,54.384,2,0.2,1.3596,162,,Second Class,JG-15115,Eric Murdock,Consumer,United States,Philadelphia,Pennsylvania,19134,East,OFF-PA-10000659,Technology,Accessories,Lenovo 17-Key USB Numeric Keypad
CA-2021-155698,,28.4,5,0,13.348,163,,Standard Class,BP-11095,Ruben Dartt,Consumer,United States,Carlsbad,New Mexico,88220,West,OFF-PA-10001144,Office Supplies,Envelopes,Staple envelope
CA-2021-144904,,27.68,2,0.2,9.688,164,,Standard Class,VP-21730,Max Jones,Consumer,United States,Seattle,Washington,98115,West,FUR-CH-10003817,Office Supplies,Binders,Wilson Jones International Size A4 Ring Binders
CA-2018-123344,,9.936,3,0.2,2.7324,165,,Standard Class,SS-20140,Becky Martin,Consumer,United States,San Antonio,Texas,78207,Central,OFF-AP-10000891,Office Supplies,Art,BIC Brite Liner Highlighters
CA-2020-155516,,8159.952,8,0.4,-1359.992,166,,Standard Class,AG-10675,Becky Martin,Consumer,United States,San Antonio,Texas,78207,Central,OFF-LA-10003148,Technology,Machines,Lexmark MX611dhe Monochrome Laser Printer
CA-2021-104745,,275.928,3,0.2,-58.6347,167,,Standard Class,LF-17185,Becky Martin,Consumer,United States,San Antonio,Texas,78207,Central,OFF-AP-10002684,Office Supplies,Storage,Space Solutions HD Industrial Steel Shelving.
US-2018-119137,,1740.06,9,0.3,-24.858,168,,Standard Class,RF-19840,Becky Martin,Consumer,United States,San Antonio,Texas,78207,Central,FUR-CH-10004698,Furniture,Chairs,SAFCO Arco Folding Chair
US-2020-134656,,32.064,6,0.2,6.8136,169,,Standard Class,KH-16510,Becky Martin,Consumer,United States,San Antonio,Texas,78207,Central,OFF-SU-10002189,Office Supplies,Art,Sanford Liquid Accent Highlighters
US-2021-134481,,177.98,5,0.8,-453.849,170,,Standard Class,KC-16675,Becky Martin,Consumer,United States,San Antonio,Texas,78207,Central,OFF-AR-10001940,Office Supplies,Appliances,Kensington 7 Outlet MasterPiece Power Center
CA-2019-130792,,143.976,3,0.2,8.9985,171,,Standard Class,CJ-12010,Becky Martin,Consumer,United States,San Antonio,Texas,78207,Central,OFF-ST-10003455,Technology,Phones,JBL Micro Wireless Portable Bluetooth Speaker
CA-2020-134775,,20.94,3,0,9.8418,172,,Standard Class,PB-19150,Chad Sievert,Consumer,United States,Los Angeles,California,90004,West,TEC-AC-10004659,Office Supplies,Paper,"Adams Phone Message Book, Professional, 400 Message Capacity, 5 3/6” x 11”"
CA-2019-125395,,110.96,2,0,53.2608,173,,Standard Class,MP-17965,Chad Sievert,Consumer,United States,Los Angeles,California,90004,West,TEC-PH-10003273,Office Supplies,Paper,Xerox 1913
US-2019-168935,,340.144,7,0.2,21.259,174,,Standard Class,NF-18385,Chad Sievert,Consumer,United States,Los Angeles,California,90004,West,TEC-PH-10004896,Furniture,Chairs,"Global Value Steno Chair, Gray"
CA-2019-122756,,52.448,2,0.8,-131.12,175,,Standard Class,SD-20485,Jennifer Braxton,Corporate,United States,Chicago,Illinois,60623,Central,TEC-AC-10002345,Office Supplies,Appliances,Kensington 7 Outlet MasterPiece HOMEOFFICE Power Control Center
CA-2018-115973,,20.16,4,0.2,6.552,176,,Standard Class,KH-16630,Jennifer Braxton,Corporate,United States,Chicago,Illinois,60623,Central,OFF-BI-10001890,Office Supplies,Labels,Avery 51
CA-2021-101798,,97.264,4,0.8,-243.16,177,,Second Class,RB-19795,Shirley Jackson,Consumer,United States,Houston,Texas,77036,Central,TEC-AC-10002323,Office Supplies,Appliances,"Acco 7-Outlet Masterpiece Power Center, Wihtout Fax/Phone Line Protection"
US-2018-135972,,396.802,7,0.3,-11.3372,178,,Second Class,MK-18160,Joel Eaton,Consumer,United States,Newark,Ohio,43055,East,OFF-ST-10001328,Furniture,Chairs,"Padded Folding Chairs, Black, 4/Carton"
US-2018-134971,,15.88,5,0.2,-3.7715,179,,Second Class,PO-19180,Joel Eaton,Consumer,United States,Newark,Ohio,43055,East,FUR-BO-10002613,Office Supplies,Supplies,Acme Rosewood Handle Letter Opener
CA-2021-102946,,3.28,1,0,1.4104,180,,Standard Class,BB-11545,Jim Kriz,Home Office,United States,New York City,New York,10009,East,TEC-PH-10001552,Office Supplies,Art,"Sanford Colorific Eraseable Coloring Pencils, 12 Count"
CA-2021-165603,,24.816,2,0.2,1.8612,181,,Second Class,TB-21595,David Kendrick,Corporate,United States,Decatur,Illinois,62521,Central,OFF-PA-10000061,Office Supplies,Storage,"Tenex File Box, Personal Filing Tote with Lid, Black"
CA-2019-122259,,408.744,7,0.2,76.6395,182,,Second Class,RB-19360,David Kendrick,Corporate,United States,Decatur,Illinois,62521,Central,OFF-AR-10003514,Technology,Accessories,Imation Secure+ Hardware Encrypted USB 2.0 Flash Drive; 16GB
CA-2020-108987,,503.96,4,0,131.0296,183,,Second Class,EB-13705,Robert Marley,Home Office,United States,Monroe,Louisiana,71203,South,OFF-AR-10004685,Technology,Phones,AT&T TR1909W
CA-2018-113166,,149.95,5,0,41.986,184,,Second Class,SC-20095,Robert Marley,Home Office,United States,Monroe,Louisiana,71203,South,OFF-AR-10004027,Technology,Phones,Nokia Lumia 521 (T-Mobile)
CA-2018-155208,,29,2,0,7.25,185,,Second Class,TN-21040,Robert Marley,Home Office,United States,Monroe,Louisiana,71203,South,OFF-ST-10001414,Technology,Accessories,HP Standard 104 key PS/2 Keyboard
CA-2021-117933,,7.16,2,0,3.4368,186,,Standard Class,JS-15940,Sally Knutson,Consumer,United States,Fairfield,Connecticut,6824,East,OFF-BI-10000343,Office Supplies,Binders,Avery Poly Binder Pockets
CA-2021-117457,,176.8,8,0,22.984,187,,Standard Class,MH-17785,Frank Merwin,Home Office,United States,Los Angeles,California,90032,West,OFF-PA-10002749,Technology,Accessories,SanDisk Ultra 32 GB MicroSDHC Class 10 Memory Card
CA-2021-142636,,37.224,3,0.2,3.7224,188,,Standard Class,JP-15520,Alice McCarthy,Corporate,United States,Grand Prairie,Texas,75051,Central,OFF-PA-10002666,Office Supplies,Storage,"Personal Filing Tote with Lid, Black/Gray"
CA-2021-122105,,20.016,3,0.2,6.255,189,,Standard Class,JE-15475,Alice McCarthy,Corporate,United States,Grand Prairie,Texas,75051,Central,FUR-TA-10004289,Office Supplies,Paper,Southworth 25% Cotton Antique Laid Paper & Envelopes
CA-2020-148796,,899.136,4,0.2,112.392,190,,First Class,JG-15805,Mark Packer,Home Office,United States,New York City,New York,10035,East,OFF-AP-10003622,Furniture,Bookcases,"Atlantic Metals Mobile 4-Shelf Bookcases, Custom Colors"
CA-2021-154816,,71.76,6,0,20.0928,191,,First Class,XP-21865,Mark Packer,Home Office,United States,New York City,New York,10035,East,OFF-AP-10003217,Technology,Phones,I Need's 3d Hello Kitty Hybrid Silicone Case Cover for HTC One X 4g with 3d Hello Kitty Stylus Pen Green/pink
CA-2021-110478,,51.84,8,0,24.8832,192,,First Class,EM-14065,Mark Packer,Home Office,United States,New York City,New York,10035,East,FUR-FU-10002960,Office Supplies,Paper,Xerox 205
CA-2018-142048,,626.352,3,0.2,46.9764,193,,First Class,MT-18070,Mark Packer,Home Office,United States,New York City,New York,10035,East,TEC-PH-10001918,Furniture,Bookcases,"Atlantic Metals Mobile 3-Shelf Bookcases, Custom Colors"
CA-2021-125388,,19.9,5,0,6.567,194,,First Class,SA-20830,Mark Packer,Home Office,United States,New York City,New York,10035,East,OFF-ST-10000642,Office Supplies,Art,4009 Highlighters by Sanford
CA-2021-155705,,14.28,7,0,6.7116,195,,Standard Class,CW-11905,Mary Zewe,Corporate,United States,Redlands,California,92374,West,TEC-PH-10001700,Office Supplies,Envelopes,Poly String Tie Envelopes
CA-2021-149160,,7.408,2,0.2,1.2038,196,,Standard Class,AJ-10960,Cassandra Brandow,Consumer,United States,Hamilton,Ohio,45011,East,OFF-FA-10000134,Office Supplies,Art,"Binney & Smith Crayola Metallic Colored Pencils, 8-Color Set"
CA-2018-101476,,6.048,3,0.2,1.5876,197,,Standard Class,SS-20590,Cassandra Brandow,Consumer,United States,Hamilton,Ohio,45011,East,OFF-ST-10001522,Office Supplies,Art,"Binney & Smith inkTank Erasable Desk Highlighter, Chisel Tip, Yellow, 12/Box"
CA-2021-152275,,46.26,3,0,12.0276,198,,Standard Class,RO-19780,Valerie Mitchum,Home Office,United States,Westfield,New Jersey,7090,East,TEC-AC-10001266,Office Supplies,Storage,Decoflex Hanging Personal Folder File
US-2020-123750,,2.946,2,0.7,-2.2586,199,,Standard Class,MD-17350,Fred Hopkins,Corporate,United States,Philadelphia,Pennsylvania,19120,East,OFF-LA-10004544,Office Supplies,Binders,"Pressboard Covers with Storage Hooks, 9 1/2"" x 11"", Light Blue"
CA-2020-127369,,16.056,3,0.2,5.8203,200,,Standard Class,MY-17380,Fred Hopkins,Corporate,United States,Philadelphia,Pennsylvania,19120,East,FUR-BO-10004695,Office Supplies,Paper,"Wirebound Message Books, 5-1/2 x 4 Forms, 2 or 4 Forms per Page"
US-2018-150574,,21.744,3,0.2,6.795,201,,Standard Class,CM-12385,Maria Bertelson,Consumer,United States,Akron,Ohio,44312,East,TEC-MA-10000864,Office Supplies,Paper,Southworth 25% Cotton Linen-Finish Paper & Envelopes
CA-2020-147375,,218.75,2,0.5,-161.875,202,,First Class,LS-17245,Bruce Stewart,Consumer,United States,Denver,Colorado,80219,West,TEC-AC-10000109,Furniture,Tables,BoxOffice By Design Rectangular and Half-Moon Meeting Room Tables
CA-2021-130043,,2.6,1,0.2,0.2925,203,,First Class,BN-11515,Bruce Stewart,Consumer,United States,Denver,Colorado,80219,West,TEC-PH-10002563,Office Supplies,Appliances,"Bravo II Megaboss 12-Amp Hard Body Upright, Replacement Belts, 2 Belts per Pack"
CA-2021-157252,,66.284,2,0.8,-178.9668,204,,Second Class,DB-13210,Logan Currie,Consumer,United States,Dallas,Texas,75220,Central,OFF-FA-10000585,Office Supplies,Appliances,Eureka Sanitaire  Commercial Upright
CA-2020-115756,,35.168,7,0.2,9.6712,205,,Standard Class,MC-17605,Heather Kirkland,Corporate,United States,Franklin,Tennessee,37064,South,OFF-PA-10004000,Furniture,Furnishings,"Eldon 200 Class Desk Accessories, Burgundy"
CA-2021-154214,,444.768,4,0.2,44.4768,206,,Standard Class,BD-11605,Laurel Elliston,Consumer,United States,Whittier,California,90604,West,FUR-FU-10000087,Technology,Phones,Nortel Business Series Terminal T7208 Digital phone
CA-2020-166674,,83.92,4,0,5.8744,207,,Standard Class,PH-18790,Joseph Holt,Consumer,United States,Saginaw,Michigan,48601,Central,TEC-MA-10001148,Office Supplies,Storage,"Tennsco Lockers, Gray"
CA-2021-147277,,131.98,2,0,35.6346,208,,Standard Class,MG-18145,Joseph Holt,Consumer,United States,Saginaw,Michigan,48601,Central,OFF-AR-10001958,Technology,Phones,Panasonic KX-TG6844B Expandable Digital Cordless Telephone
CA-2020-100153,,15.92,4,0,7.4824,209,,Standard Class,KB-16240,Joseph Holt,Consumer,United States,Saginaw,Michigan,48601,Central,OFF-AR-10001026,Office Supplies,Binders,"Avery Durable Slant Ring Binders, No Labels"
US-2018-110674,,52.29,9,0,16.2099,210,,Standard Class,JC-15340,Joseph Holt,Consumer,United States,Saginaw,Michigan,48601,Central,FUR-TA-10003748,Office Supplies,Fasteners,"Advantus Push Pins, Aluminum Head"
US-2020-157945,,91.99,1,0,3.6796,211,,Standard Class,RL-19615,Joseph Holt,Consumer,United States,Saginaw,Michigan,48601,Central,OFF-ST-10002485,Office Supplies,Storage,"Gould Plastics 18-Pocket Panel Bin, 34w x 5-1/4d x 20-1/2h"
CA-2019-109638,,20.8,2,0.2,6.5,212,,Second Class,AA-10375,Michael Stewart,Corporate,United States,Dallas,Texas,75220,Central,FUR-CH-10004860,Technology,Accessories,Memorex Micro Travel Drive 8 GB
CA-2020-109869,,23.68,2,0.2,8.88,213,,Standard Class,EP-13915,Victoria Wilson,Corporate,United States,Medina,Ohio,44256,East,FUR-CH-10004477,Office Supplies,Labels,Avery 505
US-2019-101399,,452.45,5,0.5,-244.323,214,,Standard Class,DK-12985,Victoria Wilson,Corporate,United States,Medina,Ohio,44256,East,OFF-BI-10001679,Furniture,Bookcases,O'Sullivan 2-Door Barrister Bookcase in Odessa Pine
CA-2021-154907,,62.982,3,0.4,-14.6958,215,,Standard Class,BD-11500,Victoria Wilson,Corporate,United States,Medina,Ohio,44256,East,FUR-TA-10001705,Technology,Phones,Speck Products Candyshell Flip Case
US-2020-100419,,1188,9,0.7,-950.4,216,,Standard Class,LM-17065,Victoria Wilson,Corporate,United States,Medina,Ohio,44256,East,FUR-TA-10003473,Technology,Machines,Cisco 9971 IP Video Phone Charcoal
CA-2019-154144,,89.584,2,0.2,4.4792,217,,Standard Class,AS-10135,Victoria Wilson,Corporate,United States,Medina,Ohio,44256,East,FUR-FU-10004017,Technology,Accessories,Sony Micro Vault Click 16 GB USB 2.0 Flash Drive
CA-2018-144666,,93.06,6,0,26.0568,218,,Standard Class,BD-11320,Jonathan Howell,Consumer,United States,Los Angeles,California,90032,West,TEC-AC-10003832,Office Supplies,Storage,"Personal Filing Tote with Lid, Black/Gray"
CA-2020-103891,,302.376,3,0.2,22.6782,219,,Standard Class,GT-14710,Jonathan Howell,Consumer,United States,Los Angeles,California,90032,West,OFF-PA-10002479,Technology,Phones,Adtran 1202752G1
CA-2020-152632,,5.584,2,0.2,1.8148,220,,First Class,AJ-10945,Joni Blumstein,Consumer,United States,Dublin,Ohio,43017,East,OFF-PA-10003349,Office Supplies,Fasteners,OIC Bulk Pack Metal Binder Clips
CA-2020-100790,,22.704,6,0.2,8.2302,221,,First Class,OT-18730,Joni Blumstein,Consumer,United States,Dublin,Ohio,43017,East,FUR-FU-10000576,Office Supplies,Paper,"While You Were Out Pads, 50 per Pad, 4 x 5 1/4, Green Cycle"
CA-2018-134677,,19.776,4,0.7,-13.8432,222,,First Class,LP-17080,Joni Blumstein,Consumer,United States,Dublin,Ohio,43017,East,FUR-FU-10004351,Office Supplies,Binders,Ibico Standard Transparent Covers
CA-2018-127691,,72.704,4,0.2,19.0848,223,,First Class,CA-12775,Joni Blumstein,Consumer,United States,Dublin,Ohio,43017,East,TEC-PH-10000011,Furniture,Furnishings,"Executive Impressions 14"" Two-Color Numerals Wall Clock"
CA-2021-140963,,479.988,4,0.7,-383.9904,224,,First Class,JF-15490,Joni Blumstein,Consumer,United States,Dublin,Ohio,43017,East,FUR-TA-10002607,Technology,Machines,Swingline SM12-08 MicroCut Jam Free Shredder
CA-2018-154627,,27.168,2,0.2,2.7168,225,,First Class,FP-14320,Joni Blumstein,Consumer,United States,Dublin,Ohio,43017,East,FUR-FU-10002505,Office Supplies,Art,Stanley Bostitch Contemporary Electric Pencil Sharpeners
CA-2018-133753,,2.2,1,0,0.968,226,,Standard Class,EB-13840,David Smith,Corporate,United States,Detroit,Michigan,48227,Central,OFF-ST-10002276,Office Supplies,Art,"Sanford Uni-Blazer View Highlighters, Chisel Tip, Yellow"
CA-2018-113362,,622.45,5,0,136.939,227,,Standard Class,JF-15415,David Smith,Corporate,United States,Detroit,Michigan,48227,Central,OFF-PA-10004082,Furniture,Tables,Bevis 36 x 72 Conference Tables
CA-2020-169166,,21.98,1,0,0.2198,228,,Standard Class,SF-20200,David Smith,Corporate,United States,Detroit,Michigan,48227,Central,OFF-AP-10002945,Office Supplies,Storage,Rogers Deluxe File Chest
US-2020-120929,,161.568,2,0.2,-28.2744,229,,Standard Class,TG-21640,Valerie Dominguez,Consumer,United States,Columbia,Tennessee,38401,South,FUR-CH-10002965,Furniture,Chairs,Global Low Back Tilter Chair
CA-2019-134782,,389.696,8,0.2,43.8408,230,,Standard Class,CS-11950,Valerie Dominguez,Consumer,United States,Columbia,Tennessee,38401,South,OFF-PA-10004569,Furniture,Chairs,"Global Push Button Manager's Chair, Indigo"
CA-2020-126158,,18.648,7,0.7,-12.432,231,,Standard Class,CC-12145,Erin Ashbrook,Corporate,United States,Charlotte,North Carolina,28205,South,OFF-ST-10001228,Office Supplies,Binders,GBC Instant Index System for Binding Systems
US-2020-105578,,233.86,2,0.45,-102.048,232,,Standard Class,DV-13465,Christopher Schild,Home Office,United States,Tampa,Florida,33614,South,OFF-EN-10003296,Furniture,Tables,Bush Advantage Collection Round Conference Table
CA-2021-134978,,620.6145,3,0.45,-248.2458,233,,Standard Class,BD-11725,Christopher Schild,Home Office,United States,Tampa,Florida,33614,South,OFF-ST-10004804,Furniture,Tables,Bretford Rectangular Conference Table Tops
CA-2019-145352,,5.328,2,0.7,-3.552,234,,Standard Class,ZC-21910,Christopher Schild,Home Office,United States,Tampa,Florida,33614,South,TEC-PH-10001580,Office Supplies,Binders,GBC Instant Index System for Binding Systems
CA-2021-135307,,258.072,3,0.2,0,235,,Standard Class,MS-17830,Christopher Schild,Home Office,United States,Tampa,Florida,33614,South,TEC-AC-10000290,Furniture,Furnishings,"Tenex Contemporary Contur Chairmats for Low and Medium Pile Carpet, Computer, 39"" x 49"""
CA-2020-106341,,617.976,3,0.2,-7.7247,236,,Standard Class,LR-16915,Christopher Schild,Home Office,United States,Tampa,Florida,33614,South,OFF-ST-10002790,Technology,Accessories,Logitech P710e Mobile Speakerphone
CA-2021-163405,,10.56,2,0,4.752,237,,Standard Class,TP-21130,David Bremer,Corporate,United States,Santa Clara,California,95051,West,OFF-BI-10003460,Office Supplies,Paper,Xerox 4200 Series MultiUse Premium Copy Paper (20Lb. and 84 Bright)
CA-2021-127432,,25.92,5,0.2,9.396,238,,Second Class,CK-12205,Ken Lonsdale,Consumer,United States,Chicago,Illinois,60610,Central,OFF-AP-10002203,Office Supplies,Paper,Xerox 1957
CA-2019-157812,,419.68,5,0.6,-356.728,239,,Second Class,AS-10240,Ken Lonsdale,Consumer,United States,Chicago,Illinois,60610,Central,TEC-MA-10003353,Furniture,Furnishings,Luxo Professional Fluorescent Magnifier Lamp with Clamp-Mount Base
CA-2021-145142,,11.688,3,0.6,-4.6752,240,,Second Class,AR-10510,Ken Lonsdale,Consumer,United States,Chicago,Illinois,60610,Central,TEC-PH-10001433,Furniture,Furnishings,Staple-based wall hangings
US-2020-139486,,31.984,2,0.2,11.1944,241,,Second Class,NB-18655,Ken Lonsdale,Consumer,United States,Chicago,Illinois,60610,Central,TEC-AC-10004469,Technology,Phones,PureGear Roll-On Screen Protector
CA-2019-158792,,177.225,5,0.5,-120.513,242,,Second Class,GD-14590,Ken Lonsdale,Consumer,United States,Chicago,Illinois,60610,Central,OFF-AR-10003602,Furniture,Tables,KI Conference Tables
CA-2021-113558,,4.044,3,0.6,-2.8308,243,,Second Class,CK-12595,Ken Lonsdale,Consumer,United States,Chicago,Illinois,60610,Central,OFF-FA-10003472,Furniture,Furnishings,Eldon 100 Class Desk Accessories
US-2019-138303,,7.408,2,0.2,1.2038,244,,Second Class,NG-18355,Ken Lonsdale,Consumer,United States,Chicago,Illinois,60610,Central,OFF-ST-10004180,Office Supplies,Art,"Binney & Smith Crayola Metallic Colored Pencils, 8-Color Set"
CA-2019-102848,,2001.86,7,0,580.5394,245,,Second Class,CA-12265,Dianna Wilson,Home Office,United States,Lakeville,Minnesota,55044,Central,OFF-EN-10004386,Furniture,Chairs,Global Deluxe High-Back Manager's Chair
US-2021-129441,,166.72,2,0,41.68,246,,Second Class,SF-20965,Dianna Wilson,Home Office,United States,Lakeville,Minnesota,55044,Central,OFF-ST-10003208,Office Supplies,Storage,Safco Steel Mobile File Cart
CA-2020-168753,,47.88,6,0,23.94,247,,Second Class,MO-17800,Dianna Wilson,Home Office,United States,Lakeville,Minnesota,55044,Central,TEC-AC-10003628,Office Supplies,Paper,"Adams Telephone Message Book w/Frequently-Called Numbers Space, 400 Messages per Book"
CA-2020-126613,,1503.25,5,0,496.0725,248,,Second Class,AT-10735,Dianna Wilson,Home Office,United States,Lakeville,Minnesota,55044,Central,FUR-FU-10003274,Office Supplies,Appliances,Honeywell Enviracaire Portable HEPA Air Cleaner for 17' x 22' Room
US-2021-122637,,25.92,4,0,12.4416,249,,Second Class,FM-14380,Dianna Wilson,Home Office,United States,Lakeville,Minnesota,55044,Central,OFF-BI-10002557,Office Supplies,Paper,Xerox 205
CA-2019-147851,,321.568,2,0.2,28.1372,250,,Second Class,DJ-13420,Logan Haushalter,Consumer,United States,San Francisco,California,94109,West,OFF-PA-10002615,Furniture,Chairs,"Global Leather Highback Executive Chair with Pneumatic Height Adjustment, Black"
CA-2019-134894,,7.61,1,0,3.5767,251,,Standard Class,ME-17725,Kelly Collister,Consumer,United States,San Diego,California,92037,West,OFF-AR-10001427,Office Supplies,Paper,"Wirebound Message Books, Two 4 1/4"" x 5"" Forms per Page"
CA-2018-140795,,3347.37,13,0,636.0003,252,,Standard Class,JD-16150,Kelly Collister,Consumer,United States,San Diego,California,92037,West,OFF-PA-10000673,Technology,Accessories,Logitech P710e Mobile Speakerphone
CA-2020-136924,,80.58,6,0,22.5624,253,,First Class,JL-15835,Delfina Latchford,Consumer,United States,New York City,New York,10024,East,OFF-PA-10004470,Office Supplies,Storage,"Fellowes Personal Hanging Folder Files, Navy"
US-2019-120161,,361.92,4,0,162.864,254,,First Class,SC-20305,Delfina Latchford,Consumer,United States,New York City,New York,10024,East,OFF-ST-10000876,Office Supplies,Envelopes,Tyvek Side-Opening Peel & Seel Expanding Envelopes
CA-2018-103849,,12.132,9,0.6,-8.4924,255,,Standard Class,CC-12430,Dan Reichenbach,Corporate,United States,Chicago,Illinois,60623,Central,OFF-LA-10002043,Furniture,Furnishings,Eldon 100 Class Desk Accessories
CA-2021-162929,,82.368,2,0.2,-19.5624,256,,Standard Class,AR-10825,Dan Reichenbach,Corporate,United States,Chicago,Illinois,60623,Central,OFF-BI-10004967,Office Supplies,Storage,"Belkin 19"" Vented Equipment Shelf, Black"
CA-2019-113173,,53.92,5,0.2,4.044,257,,Standard Class,SR-20740,Dan Reichenbach,Corporate,United States,Chicago,Illinois,60623,Central,TEC-PH-10001760,Office Supplies,Storage,"Tenex Personal Project File with Scoop Front Design, Black"
CA-2020-136406,,647.904,6,0.2,56.6916,258,,Standard Class,CR-12730,Dan Reichenbach,Corporate,United States,Chicago,Illinois,60623,Central,FUR-TA-10002903,Technology,Phones,Logitech Mobile Speakerphone P710e - speaker phone
CA-2021-112774,,20.37,3,0,6.9258,259,,Second Class,EH-14125,Craig Carreira,Consumer,United States,New York City,New York,10009,East,OFF-PA-10000474,Technology,Accessories,Sabrent 4-Port USB 2.0 Hub
CA-2021-101945,,221.55,3,0,6.6465,260,,Second Class,SP-20545,Craig Carreira,Consumer,United States,New York City,New York,10009,East,TEC-AC-10001956,Office Supplies,Storage,Safco Industrial Shelving
CA-2021-100650,,17.52,5,0.2,6.132,261,,Second Class,TH-21235,Craig Carreira,Consumer,United States,New York City,New York,10009,East,OFF-PA-10004100,Office Supplies,Binders,Acco 3-Hole Punch
CA-2018-155852,,1.624,2,0.8,-4.466,262,,Standard Class,RP-19390,Dorris liebe,Corporate,United States,Pasadena,Texas,77506,Central,OFF-BI-10000778,Office Supplies,Appliances,Eureka Disposable Bags for Sanitaire Vibra Groomer I Upright Vac
CA-2020-113243,,3059.982,3,0.4,-509.997,263,,Second Class,RB-19570,Sean Braxton,Corporate,United States,Houston,Texas,77036,Central,OFF-SU-10000646,Technology,Machines,Lexmark MX611dhe Monochrome Laser Printer
CA-2021-118731,,2519.958,7,0.4,-251.9958,264,,Second Class,CD-11980,Sean Braxton,Corporate,United States,Houston,Texas,77036,Central,OFF-FA-10002983,Technology,Machines,Xerox WorkCentre 6505DN Laser Multifunction Printer
CA-2018-145576,,328.224,4,0.2,28.7196,265,,Standard Class,DJ-13630,Roy Collins,Consumer,United States,Chicago,Illinois,60610,Central,OFF-LA-10004689,Technology,Phones,Cisco Small Business SPA 502G VoIP phone
CA-2019-130736,,79.9,2,0,35.156,266,,Standard Class,GT-14635,Alan Hwang,Consumer,United States,Brentwood,California,94513,West,TEC-AC-10002001,Technology,Accessories,Microsoft Sculpt Comfort Mouse
CA-2021-137099,,14.016,3,0.2,4.7304,267,,Standard Class,MC-17845,Claudia Bergmann,Corporate,United States,Chapel Hill,North Carolina,27514,South,FUR-BO-10004709,Office Supplies,Art,"Quartet Omega Colored Chalk, 12/Pack"
CA-2021-156951,,7.56,6,0,0.3024,268,,Standard Class,RA-19285,Paul Gonzalez,Consumer,United States,Morristown,New Jersey,7960,East,FUR-FU-10004091,Office Supplies,Fasteners,Bagged Rubber Bands
CA-2021-164826,,37.208,1,0.2,-7.4416,269,,Standard Class,NP-18325,Christine Abelman,Corporate,United States,Cincinnati,Ohio,45231,East,FUR-CH-10001891,Office Supplies,Storage,Safco Commercial Shelving
CA-2020-127250,,57.576,3,0.2,21.591,270,,Standard Class,AB-10165,Christine Abelman,Corporate,United States,Cincinnati,Ohio,45231,East,FUR-FU-10002918,Office Supplies,Envelopes,"Recycled Interoffice Envelopes with String and Button Closure, 10 x 13"
CA-2019-149713,,725.84,4,0,210.4936,271,,Second Class,JO-15550,Kristen Hastings,Corporate,United States,San Francisco,California,94110,West,OFF-BI-10004593,Office Supplies,Storage,Adjustable Depth Letter/Legal Cart
CA-2021-118640,,209.93,7,0,92.3692,272,,First Class,JK-15370,Helen Andreada,Consumer,United States,San Francisco,California,94109,West,OFF-FA-10004854,Technology,Accessories,Logitech 910-002974 M325 Wireless Mouse for Web Scrolling
CA-2019-132906,,5.28,3,0,2.3232,273,,First Class,BN-11470,Helen Andreada,Consumer,United States,San Francisco,California,94109,West,OFF-PA-10002105,Furniture,Furnishings,Regeneration Desk Collection
CA-2021-145233,,10.92,3,0.2,4.095,274,,First Class,DP-13165,Helen Andreada,Consumer,United States,San Francisco,California,94109,West,OFF-ST-10002756,Office Supplies,Binders,Presstex Flexible Ring Binders
CA-2019-128139,,8.82,2,0,4.0572,275,,First Class,TH-21550,Barry Blumstein,Corporate,United States,Inglewood,California,90301,West,OFF-PA-10004243,Office Supplies,Paper,"Ampad Gold Fibre Wirebound Steno Books, 6"" x 9"", Gregg Ruled"
US-2020-156986,,5.98,1,0,1.5548,276,,First Class,AP-10915,Barry Blumstein,Corporate,United States,Inglewood,California,90301,West,FUR-FU-10001861,Office Supplies,Art,Newell 330
CA-2018-135405,,11.648,2,0.2,4.0768,277,,Standard Class,RS-19765,Andrew Gjertsen,Corporate,United States,Philadelphia,Pennsylvania,19140,East,OFF-BI-10002706,Office Supplies,Paper,"Post-it “Important Message” Note Pad, Neon Colors, 50 Sheets/Pad"
CA-2018-131450,,18.176,4,0.2,5.9072,278,,Standard Class,SV-20365,Andrew Gjertsen,Corporate,United States,Philadelphia,Pennsylvania,19140,East,FUR-TA-10002533,Office Supplies,Paper,"Adams Write n' Stick Phone Message Book, 11"" X 5 1/4"", 200 Messages"
CA-2020-120180,,59.712,6,0.2,5.9712,279,,Standard Class,CK-12325,Andrew Gjertsen,Corporate,United States,Philadelphia,Pennsylvania,19140,East,FUR-FU-10002671,Office Supplies,Storage,Eldon Simplefile Box Office
US-2020-100720,,24.84,3,0.2,8.694,280,,Standard Class,RD-19810,Andrew Gjertsen,Corporate,United States,Philadelphia,Pennsylvania,19140,East,OFF-AR-10003651,Office Supplies,Labels,Avery 489
CA-2018-149958,,2.08,5,0.8,-3.432,281,,Second Class,MR-17545,Steven Cartwright,Consumer,United States,Houston,Texas,77070,Central,OFF-BI-10001072,Office Supplies,Binders,Round Ring Binders
US-2018-105767,,1114.4,7,0.2,376.11,282,,Second Class,SC-20695,Steven Cartwright,Consumer,United States,Houston,Texas,77070,Central,OFF-AR-10002135,Technology,Phones,Bose SoundLink Bluetooth Speaker
CA-2020-161816,,1038.84,5,0.2,51.942,283,,Standard Class,JF-15355,Jas O'Carroll,Consumer,United States,Los Angeles,California,90004,West,OFF-AR-10002804,Furniture,Tables,"Bevis Round Bullnose 29"" High Table Top"
CA-2020-121223,,141.76,5,0.2,47.844,284,,Standard Class,EG-13900,Tracy Blumstein,Consumer,United States,Portland,Oregon,97206,West,FUR-FU-10001918,Office Supplies,Paper,Easy-staple paper
CA-2021-138611,,239.8,5,0.2,47.96,285,,Standard Class,DS-13030,Tracy Blumstein,Consumer,United States,Portland,Oregon,97206,West,FUR-CH-10004086,Technology,Accessories,Microsoft Arc Touch Mouse
CA-2021-117947,,31.104,6,0.2,10.8864,286,,Standard Class,PO-19195,Tracy Blumstein,Consumer,United States,Portland,Oregon,97206,West,FUR-FU-10001756,Office Supplies,Paper,Xerox 216
US-2018-111171,,254.058,7,0.7,-169.372,287,,Second Class,SS-20875,Alan Haines,Corporate,United States,Tamarac,Florida,33319,South,OFF-LA-10000634,Office Supplies,Binders,GBC VeloBinder Electric Binding Machine
CA-2019-138009,,194.528,2,0.2,24.316,288,,Second Class,PB-19105,Alan Haines,Corporate,United States,Tamarac,Florida,33319,South,FUR-FU-10001588,Office Supplies,Appliances,"Acco 7-Outlet Masterpiece Power Center, Wihtout Fax/Phone Line Protection"
CA-2021-163020,,961.48,5,0.2,-204.3145,289,,Second Class,RF-19735,Alan Haines,Corporate,United States,Tamarac,Florida,33319,South,TEC-PH-10002398,Office Supplies,Supplies,Premier Automatic Letter Opener
CA-2021-153787,,19.096,7,0.2,6.6836,290,,Second Class,YC-21895,Nick Zandusky,Home Office,United States,Columbus,Ohio,43229,East,OFF-PA-10001937,Office Supplies,Fasteners,Advantus SlideClip Paper Clips
CA-2021-133431,,18.496,8,0.2,6.2424,291,,Second Class,DC-13285,Nick Zandusky,Home Office,United States,Columbus,Ohio,43229,East,OFF-AR-10003373,Office Supplies,Labels,Avery 512
US-2020-135720,,255.984,2,0.2,54.3966,292,,Second Class,CP-12340,Nick Zandusky,Home Office,United States,Columbus,Ohio,43229,East,FUR-CH-10002602,Technology,Accessories,Logitech Wireless Gaming Headset G930
CA-2021-144694,,86.97,3,0.5,-48.7032,293,,Second Class,BF-11020,Nick Zandusky,Home Office,United States,Columbus,Ohio,43229,East,TEC-MA-10002927,Furniture,Bookcases,"Bush Westfield Collection Bookcases, Medium Cherry Finish"
CA-2019-168004,,300.416,8,0.2,78.8592,294,,First Class,LH-17020,Kelly Lampkin,Corporate,United States,Colorado Springs,Colorado,80906,West,TEC-AC-10000892,Furniture,Furnishings,"Howard Miller 13"" Diameter Goldtone Round Wall Clock"
US-2020-123470,,230.352,3,0.2,20.1558,295,,First Class,CS-12250,Kelly Lampkin,Corporate,United States,Colorado Springs,Colorado,80906,West,OFF-FA-10000624,Furniture,Chairs,Global Deluxe Office Fabric Chairs
CA-2020-115917,,218.352,3,0.2,-24.5646,296,,First Class,AJ-10795,Kelly Lampkin,Corporate,United States,Colorado Springs,Colorado,80906,West,TEC-AC-10001908,Furniture,Furnishings,Eldon ClusterMat Chair Mat with Cordless Antistatic Protection
CA-2020-147067,,78.6,5,0.7,-62.88,297,,First Class,BV-11245,Kelly Lampkin,Corporate,United States,Colorado Springs,Colorado,80906,West,FUR-FU-10001967,Office Supplies,Binders,Ibico Laser Imprintable Binding System Covers
CA-2021-167913,,27.552,3,0.2,9.2988,298,,First Class,DL-12865,Kelly Lampkin,Corporate,United States,Colorado Springs,Colorado,80906,West,TEC-PH-10003645,Office Supplies,Fasteners,"Vinyl Coated Wire Paper Clips in Organizer Box, 800/Box"
CA-2021-106103,,32.4,5,0,15.552,299,,Standard Class,BM-11785,Jonathan Doherty,Corporate,United States,Belleville,New Jersey,7109,East,OFF-ST-10000675,Office Supplies,Paper,Xerox 223
US-2021-127719,,1082.48,8,0,10.8248,300,,Standard Class,LT-17110,Jonathan Doherty,Corporate,United States,Belleville,New Jersey,7109,East,FUR-CH-10003312,Office Supplies,Storage,"Tennsco Stur-D-Stor Boltless Shelving, 5 Shelves, 24"" Deep, Sand"
CA-2021-126221,,56.91,3,0,27.3168,301,,Standard Class,JK-15730,Jonathan Doherty,Corporate,United States,Belleville,New Jersey,7109,East,OFF-LA-10001074,Office Supplies,Paper,Xerox 1939
CA-2020-103947,,77.6,4,0,38.024,302,,Standard Class,ES-14020,Jonathan Doherty,Corporate,United States,Belleville,New Jersey,7109,East,OFF-BI-10001524,Furniture,Furnishings,"Floodlight Indoor Halogen Bulbs, 1 Bulb per Pack, 60 Watts"
CA-2020-160745,,14.28,1,0,6.5688,303,,Standard Class,RH-19495,Jonathan Doherty,Corporate,United States,Belleville,New Jersey,7109,East,TEC-PH-10004614,Office Supplies,Binders,Avery Premier Heavy-Duty Binder with Round Locking Rings
CA-2020-132661,,219.075,3,0.5,-131.445,304,,Standard Class,CD-11920,Jonathan Howell,Consumer,United States,Chicago,Illinois,60623,Central,OFF-BI-10001153,Furniture,Tables,BPI Conference Tables
CA-2021-140844,,26.8,2,0,12.864,305,,Second Class,HW-14935,Alan Schoenberger,Corporate,United States,New York City,New York,10024,East,OFF-BI-10001982,Furniture,Furnishings,Electrix 20W Halogen Replacement Bulb for Zoom-In Desk Lamp
CA-2020-137239,,9.84,3,0,2.8536,306,,Standard Class,MC-18130,Ken Brennan,Corporate,United States,Taylor,Michigan,48180,Central,OFF-BI-10001922,Office Supplies,Art,Newell 350
US-2020-156097,,45.48,3,0,20.9208,307,,Standard Class,GM-14440,Corey Roper,Home Office,United States,Lakewood,New Jersey,8701,East,TEC-CO-10001449,Office Supplies,Binders,"GBC Clear Cover, 8-1/2 x 11, unpunched, 25 covers per pack"
CA-2019-146563,,289.2,6,0,83.868,308,,Standard Class,PJ-19015,Corey Roper,Home Office,United States,Lakewood,New Jersey,8701,East,OFF-BI-10004140,Office Supplies,Art,Boston Heavy-Duty Trimline Electric Pencil Sharpeners
CA-2020-123666,,4.89,1,0,2.0049,309,,First Class,BW-11110,Shahid Hopkins,Consumer,United States,Arlington,Virginia,22204,South,OFF-BI-10003314,Office Supplies,Art,Faber Castell Col-Erase Pencils
CA-2020-143308,,15.136,4,0.2,3.5948,310,,Second Class,TR-21325,Ben Peterman,Corporate,United States,Arvada,Colorado,80004,West,FUR-TA-10004575,Furniture,Furnishings,C-Line Cubicle Keepers Polyproplyene Holder With Velcro Backings
CA-2021-132682,,466.768,2,0.2,52.5114,311,,Second Class,PG-18820,Ben Peterman,Corporate,United States,Arvada,Colorado,80004,West,OFF-FA-10000490,Furniture,Chairs,Hon 4070 Series Pagoda Armless Upholstered Stacking Chairs
CA-2018-156314,,15.232,1,0.2,1.7136,312,,Second Class,JL-15175,Ben Peterman,Corporate,United States,Arvada,Colorado,80004,West,OFF-AR-10000122,Furniture,Furnishings,"Eldon Expressions Desk Accessory, Wood Photo Frame, Mahogany"
US-2021-106663,,6.264,3,0.2,2.0358,313,,Second Class,BM-11650,Ben Peterman,Corporate,United States,Arvada,Colorado,80004,West,TEC-PH-10000702,Office Supplies,Labels,Avery 509
CA-2021-111178,,87.54,3,0,37.6422,314,,Standard Class,EM-14095,Thomas Seio,Corporate,United States,Hackensack,New Jersey,7601,East,OFF-AR-10001374,Furniture,Furnishings,"Deflect-o SuperTray Unbreakable Stackable Tray, Letter, Black"
CA-2021-130351,,178.384,2,0.2,22.298,315,,Standard Class,AF-10885,Andy Gerbode,Corporate,United States,Saint Petersburg,Florida,33710,South,OFF-PA-10001970,Technology,Phones,AT&T 1070 Corded Phone
US-2021-119438,,15.552,3,0.2,5.4432,316,,Standard Class,GA-14725,Andy Gerbode,Corporate,United States,Saint Petersburg,Florida,33710,South,OFF-BI-10002160,Office Supplies,Paper,Xerox 21
CA-2020-164511,,99.136,4,0.2,8.6744,317,,First Class,CK-12760,Sung Pak,Corporate,United States,Philadelphia,Pennsylvania,19143,East,OFF-BI-10004995,Office Supplies,Art,"Boston School Pro Electric Pencil Sharpener, 1670"
US-2021-168116,,135.882,1,0.1,24.1568,318,,Standard Class,DP-13105,Nathan Mautz,Home Office,United States,New York City,New York,10024,East,FUR-BO-10002268,Furniture,Chairs,DMI Arturo Collection Mission-style Design Wood Chair
CA-2018-157784,,3991.98,2,0,1995.99,319,,Standard Class,BK-11260,Nathan Mautz,Home Office,United States,New York City,New York,10024,East,OFF-EN-10001137,Technology,Machines,Canon imageCLASS MF7460 Monochrome Digital Laser Multifunction Copier
CA-2021-161480,,275.94,6,0,80.0226,320,,Standard Class,SJ-20125,Nathan Mautz,Home Office,United States,New York City,New York,10024,East,OFF-AR-10002399,Technology,Phones,Panasonic Kx-TS550
US-2018-117135,,360,4,0,129.6,321,,Standard Class,CM-12445,Nathan Mautz,Home Office,United States,New York City,New York,10024,East,OFF-PA-10002713,Technology,Accessories,NETGEAR N750 Dual Band Wi-Fi Gigabit Router
CA-2019-131534,,43.57,1,0,13.071,322,,Standard Class,AJ-10780,Nathan Mautz,Home Office,United States,New York City,New York,10024,East,OFF-AP-10001124,Office Supplies,Storage,"Trav-L-File Heavy-Duty Shuttle II, Black"
CA-2019-119291,,7.16,2,0,3.58,323,,Standard Class,LS-16945,Frank Atkinson,Corporate,United States,Long Beach,California,90805,West,OFF-LA-10001158,Office Supplies,Fasteners,OIC Binder Clips
CA-2021-114552,,251.52,6,0.2,81.744,324,,Standard Class,GP-14740,Grace Kelly,Corporate,United States,Hesperia,California,92345,West,FUR-CH-10000785,Office Supplies,Binders,Ibico Laser Imprintable Binding System Covers
CA-2020-163755,,99.99,1,0,34.9965,325,,Standard Class,PK-18910,Grace Kelly,Corporate,United States,Hesperia,California,92345,West,OFF-AR-10003732,Technology,Accessories,Logitech Wireless Headset h800
CA-2019-142027,,15.992,1,0.2,0.9995,326,,Second Class,SM-20005,Don Jones,Corporate,United States,Murfreesboro,Tennessee,37130,South,FUR-FU-10000023,Furniture,Furnishings,Telescoping Adjustable Floor Lamp
CA-2018-138527,,290.898,3,0.4,-67.8762,327,,First Class,AG-10765,Patrick O'Brill,Consumer,United States,Philadelphia,Pennsylvania,19143,East,OFF-BI-10002412,Technology,Phones,Aastra 57i VoIP phone
CA-2018-112158,,54.224,2,0.2,3.389,328,,First Class,PM-19135,Patrick O'Brill,Consumer,United States,Philadelphia,Pennsylvania,19143,East,OFF-SU-10001225,Office Supplies,Storage,"File Shuttle II and Handi-File, Black"
CA-2018-113887,,786.744,4,0.3,-258.5016,329,,First Class,LL-16840,Patrick O'Brill,Consumer,United States,Philadelphia,Pennsylvania,19143,East,OFF-ST-10002406,Furniture,Chairs,Hon 2090 “Pillow Soft” Series Mid Back Swivel/Tilt Chairs
CA-2021-146136,,100.24,10,0.2,33.831,330,,First Class,JS-15595,Patrick O'Brill,Consumer,United States,Philadelphia,Pennsylvania,19143,East,OFF-PA-10002036,Office Supplies,Labels,Round Specialty Laser Printer Labels
US-2021-100048,,37.764,6,0.7,-27.6936,331,,First Class,EL-13735,Patrick O'Brill,Consumer,United States,Philadelphia,Pennsylvania,19143,East,OFF-ST-10002205,Office Supplies,Binders,GBC Premium Transparent Covers with Diagonal Lined Pattern
CA-2018-153150,,82.8,2,0.4,-20.7,332,,Second Class,PC-18745,John Lucas,Consumer,United States,Philadelphia,Pennsylvania,19134,East,TEC-AC-10003911,Technology,Phones,AT&T 841000 Phone
CA-2018-130092,,20.724,2,0.7,-13.816,333,,Second Class,HL-15040,John Lucas,Consumer,United States,Philadelphia,Pennsylvania,19134,East,OFF-AR-10000658,Office Supplies,Binders,Ibico Recycled Grain-Textured Covers
CA-2021-108910,,4.896,3,0.7,-3.4272,334,,Second Class,MS-17365,John Lucas,Consumer,United States,Philadelphia,Pennsylvania,19134,East,TEC-AC-10002076,Office Supplies,Binders,Wilson Jones Custom Binder Spines & Labels
CA-2018-104472,,4.752,1,0.2,1.6038,335,,Second Class,GB-14530,Doug Bickford,Consumer,United States,Los Angeles,California,90045,West,OFF-PA-10003039,Office Supplies,Binders,Storex Dura Pro Binders
CA-2020-112942,,959.984,2,0.2,335.9944,336,,Second Class,JR-16210,Doug Bickford,Consumer,United States,Los Angeles,California,90045,West,FUR-TA-10004915,Technology,Copiers,Hewlett Packard LaserJet 3310 Copier
CA-2020-142335,,14.368,4,0.2,4.49,337,,Second Class,BE-11335,Doug Bickford,Consumer,United States,Los Angeles,California,90045,West,OFF-AP-10000696,Office Supplies,Binders,Avery Non-Stick Binders
CA-2018-117429,,7.712,2,0.2,2.7956,338,,Standard Class,SC-20050,Alyssa Crouse,Corporate,United States,San Francisco,California,94122,West,OFF-ST-10003327,Office Supplies,Binders,Tuff Stuff Recycled Round Ring Binders
CA-2020-114713,,698.352,3,0.2,-17.4588,339,,Standard Class,RW-19630,Alyssa Crouse,Corporate,United States,San Francisco,California,94122,West,OFF-BI-10000309,Furniture,Tables,Hon 5100 Series Wood Tables
CA-2021-144113,,4.96,4,0,2.3312,340,,Second Class,SE-20110,Ken Lonsdale,Consumer,United States,Layton,Utah,84041,West,OFF-PA-10004734,Office Supplies,Fasteners,"OIC Binder Clips, Mini, 1/4"" Capacity, Black"
US-2020-150861,,17.856,4,0.2,1.116,341,,Second Class,AH-10075,Jonathan Doherty,Corporate,United States,Philadelphia,Pennsylvania,19140,East,OFF-BI-10002225,Office Supplies,Art,Newell 314
CA-2021-131954,,509.97,10,0.7,-407.976,342,,Second Class,JM-15535,Jonathan Doherty,Corporate,United States,Philadelphia,Pennsylvania,19140,East,TEC-AC-10004708,Office Supplies,Binders,Fellowes PB200 Plastic Comb Binding Machine
CA-2018-132500,,30.992,13,0.2,10.0724,343,,Second Class,JJ-15760,Jonathan Doherty,Corporate,United States,Philadelphia,Pennsylvania,19140,East,FUR-TA-10000617,Office Supplies,Fasteners,Staples
CA-2018-112326,,71.928,12,0.4,8.3916,344,,Second Class,RK-19300,Jonathan Doherty,Corporate,United States,Philadelphia,Pennsylvania,19140,East,TEC-AC-10002335,Technology,Phones,"Square Credit Card Reader, 4 1/2"" x 4 1/2"" x 1"", White"
US-2020-146710,,88.8,4,0.2,-2.22,345,,Standard Class,CG-12040,Chad Sievert,Consumer,United States,Austin,Texas,78745,Central,TEC-MA-10001681,Office Supplies,Storage,Fellowes Super Stor/Drawer
CA-2018-124429,,47.976,3,0.2,4.7976,346,,Standard Class,RP-19270,Clay Cheatham,Consumer,United States,San Francisco,California,94122,West,FUR-FU-10001935,Technology,Phones,Anker 36W 4-Port USB Wall Charger Travel Power Adapter for iPhone 5s 5c 5
CA-2020-150889,,7.56,3,0,3.0996,347,,Standard Class,KC-16255,Tamara Dahlen,Consumer,United States,Lowell,Massachusetts,1852,East,OFF-AR-10004757,Office Supplies,Art,"Binney & Smith inkTank Erasable Desk Highlighter, Chisel Tip, Yellow, 12/Box"
CA-2021-126074,,24.56,2,0,11.5432,348,,Standard Class,KH-16360,Tamara Dahlen,Consumer,United States,Lowell,Massachusetts,1852,East,OFF-BI-10000050,Office Supplies,Paper,Easy-staple paper
CA-2020-110499,,12.96,2,0,4.1472,349,,Standard Class,GH-14665,Tamara Dahlen,Consumer,United States,Lowell,Massachusetts,1852,East,TEC-PH-10003012,Office Supplies,Art,"BIC Brite Liner Highlighters, Chisel Tip"
CA-2019-135272,,6.79,1,0,2.3086,350,,First Class,SW-20275,Adam Bellavance,Home Office,United States,New York City,New York,10009,East,TEC-CO-10002313,Technology,Accessories,Sabrent 4-Port USB 2.0 Hub
CA-2020-140928,,24.56,2,0,11.5432,351,,First Class,JA-15970,Adam Bellavance,Home Office,United States,New York City,New York,10009,East,OFF-BI-10003982,Office Supplies,Paper,Xerox 1881
CA-2018-106803,,3.048,1,0.2,1.0668,352,,First Class,DL-12925,Adam Bellavance,Home Office,United States,New York City,New York,10009,East,OFF-BI-10004492,Office Supplies,Binders,Acco Hanging Data Binders
CA-2021-117240,,49.12,4,0,23.0864,353,,First Class,LW-16990,Adam Bellavance,Home Office,United States,New York City,New York,10009,East,OFF-ST-10000798,Office Supplies,Paper,Xerox 1881
CA-2021-133333,,4355.168,4,0.2,1415.4296,354,,First Class,TB-21190,Adam Bellavance,Home Office,United States,New York City,New York,10009,East,OFF-PA-10002552,Office Supplies,Binders,GBC DocuBind P400 Electric Binding System
CA-2019-112319,,388.704,6,0.2,-4.8588,355,,Standard Class,BS-11800,Jeremy Lonsdale,Consumer,United States,New York City,New York,10035,East,OFF-SU-10002573,Furniture,Bookcases,Sauder Barrister Bookcases
CA-2021-126046,,8.26,2,0,3.7996,356,,Standard Class,RW-19690,Jeremy Lonsdale,Consumer,United States,New York City,New York,10035,East,OFF-ST-10001580,Office Supplies,Envelopes,"#10 Gummed Flap White Envelopes, 100/Box"
CA-2019-114923,,17.04,4,0,6.9864,357,,Standard Class,TZ-21580,Jeremy Lonsdale,Consumer,United States,New York City,New York,10035,East,OFF-ST-10000934,Office Supplies,Art,"Dixon Prang Watercolor Pencils, 10-Color Set with Brush"
CA-2018-162775,,34.4,5,0,15.824,358,,Standard Class,AS-10630,Jeremy Lonsdale,Consumer,United States,New York City,New York,10035,East,TEC-AC-10000158,Office Supplies,Paper,"Adams Phone Message Book, 200 Message Capacity, 8 1/16” x 11”"
CA-2018-106810,,36.24,5,0.2,11.325,359,,Standard Class,TS-21340,Heather Kirkland,Corporate,United States,Charlotte,North Carolina,28205,South,OFF-PA-10001947,Office Supplies,Paper,Southworth 25% Cotton Linen-Finish Paper & Envelopes
CA-2020-157245,,647.84,8,0,168.4384,360,,First Class,SL-20155,Victoria Brennan,Corporate,United States,Columbus,Georgia,31907,South,OFF-AR-10003478,Office Supplies,Appliances,Belkin 8 Outlet SurgeMaster II Gold Surge Protector with Phone Protection
CA-2021-104220,,20.7,2,0,9.936,361,,First Class,MW-18235,Victoria Brennan,Corporate,United States,Columbus,Georgia,31907,South,OFF-AP-10004249,Office Supplies,Labels,"Avery Address/Shipping Labels for Typewriters, 4"" x 2"""
CA-2018-165974,,20.7,2,0,9.936,362,,Standard Class,RD-19585,Katrina Willman,Consumer,United States,New York City,New York,10009,East,TEC-CO-10004115,Office Supplies,Labels,"Avery Address/Shipping Labels for Typewriters, 4"" x 2"""
CA-2019-144267,,488.646,3,0.1,86.8704,363,,Standard Class,RA-19945,Katrina Willman,Consumer,United States,New York City,New York,10009,East,OFF-PA-10003724,Furniture,Chairs,Global Ergonomic Managers Chair
US-2019-157014,,5.56,2,0,1.4456,364,,Standard Class,MT-17815,Katrina Willman,Consumer,United States,New York City,New York,10009,East,FUR-TA-10002041,Office Supplies,Art,Newell 333
CA-2019-154921,,47.12,8,0,20.7328,365,,Standard Class,VG-21790,Katrina Willman,Consumer,United States,New York City,New York,10009,East,OFF-PA-10002893,Furniture,Furnishings,Eldon Wave Desk Accessories
CA-2021-129567,,211.96,4,0,8.4784,366,,Standard Class,JS-15880,Julia Dunbar,Consumer,United States,San Francisco,California,94109,West,OFF-LA-10003766,Office Supplies,Storage,"Gould Plastics 9-Pocket Panel Bin, 18-3/8w x 5-1/4d x 20-1/2h, Black"
CA-2019-154620,,23.2,4,0,10.44,367,,Same Day,KM-16225,Michael Kennedy,Corporate,United States,Manchester,Connecticut,6040,East,FUR-BO-10001972,Office Supplies,Binders,Wilson Jones “Snap” Scratch Pad Binder Tool for Ring Binders
CA-2019-115938,,7.36,2,0,0.1472,368,,Same Day,HR-14770,Michael Kennedy,Corporate,United States,Manchester,Connecticut,6040,East,FUR-CH-10003956,Office Supplies,Supplies,Staple remover
CA-2020-105256,,104.79,7,0,29.3412,369,,Same Day,DE-13255,Michael Kennedy,Corporate,United States,Manchester,Connecticut,6040,East,OFF-PA-10000157,Office Supplies,Storage,Pizazz Global Quick File
